output_filename,pk_catalog_id,gender,age_class,population,storage_path,photo_uuid,fk_catalog_id,pk_photo_id
225_Female_unknown_Maui-Nui.jpg,225,Female,unknown,Maui-Nui,photos-6309-6309.jpg,fe27228d-5eaf-40f0-abc6-7d9a689414b2,225,6309
666_Female_Unknown_Oahu.jpg,666,Female,Unknown,Oahu,photos-5221-5221.jpg,fabc5797-4680-45be-8e47-477dbeaa2caf,666,5221
843_Female_Unknown_Oahu.jpg,843,Female,Unknown,Oahu,photos-6814-6814.jpg,f44448f0-6187-49fc-9c1f-5564eaf65419,843,6814
564_Female_unknown_Maui-Nui.jpg,564,Female,unknown,Maui-Nui,photos-5084-5084.jpg,cb47b6dd-84de-4119-b7dd-5cc03fbc1eef,564,5084
558_Female_unknown_Maui-Nui.jpg,558,Female,unknown,Maui-Nui,photos-5078-5078.jpg,a1364acf-3472-4cc2-8d80-d4970771a673,558,5078
473_Female_Unknown_Maui-Nui.jpg,473,Female,Unknown,Maui-Nui,photos-4730-4730.jpg,4bfd01aa-c1b8-47cb-87ce-0e94d84f7c94,473,4730
667_Unknown_Unknown_Oahu.jpg,667,Unknown,Unknown,Oahu,photos-5222-5222.jpg,77dfdcd1-3d81-4b5e-b73a-059057665517,667,5222
870_Female_Juvenile_Oahu.jpg,870,Female,Juvenile,Oahu,photos-7039-7039.jpg,8554bd4d-e153-4eef-aae6-a45f2f97a45b,870,7039
58_Female_unknown_Maui-Nui.jpg,58,Female,unknown,Maui-Nui,photos-6264-6264.jpg,cf3ca370-bb5b-454c-b805-f61bf692166f,58,6264
452_Male_Adult_Maui-Nui.jpg,452,Male,Adult,Maui-Nui,photos-6044-6044.jpg,7f6b3202-d383-42e8-b57f-3fd9eabb88e9,452,6044
453_Female_unknown_Maui-Nui.jpg,453,Female,unknown,Maui-Nui,photos-6371-6371.jpg,e0d35fc1-3dbc-45e7-ad4e-56a9c5d48b53,453,6371
456_Female_unknown_Maui-Nui.jpg,456,Female,unknown,Maui-Nui,photos-6291-6291.jpg,60b5614e-6f34-4e12-b102-f66a22832b78,456,6291
457_Male_Adult_Maui-Nui.jpg,457,Male,Adult,Maui-Nui,photos-6089-6089.jpg,24a66251-eeea-4c0b-b663-6288f09c067c,457,6089
873_Male_Juvenile_Oahu.jpg,873,Male,Juvenile,Oahu,photos-7059-7059.jpg,64478ca0-4f93-434c-bd21-abe4e5294e4c,873,7059
463_Female_unknown_Maui-Nui.jpg,463,Female,unknown,Maui-Nui,photos-4674-4674.jpg,705708b8-3f88-4a13-8252-f981381c8fb1,463,4674
464_Female_Juvenile_Maui-Nui.jpg,464,Female,Juvenile,Maui-Nui,photos-4878-4878.jpg,1e397041-6e3c-4cf9-9d61-913bb80d5adb,464,4878
466_Female_Unknown_Maui-Nui.jpg,466,Female,Unknown,Maui-Nui,photos-4711-4711.jpg,6322e3af-274d-44b9-b6b8-28988b89991e,466,4711
467_Male_Juvenile_Maui-Nui.jpg,467,Male,Juvenile,Maui-Nui,photos-4714-4714.jpg,8704971b-269f-4a67-b29c-fe88c4759518,467,4714
469_Unknown_Unknown_Maui-Nui.jpg,469,Unknown,Unknown,Maui-Nui,photos-4723-4723.jpg,a3985cd2-9543-43f7-bd79-065e7ad28bf1,469,4723
476_Male_Adult_Maui-Nui.jpg,476,Male,Adult,Maui-Nui,photos-4740-4740.jpg,f72f6ba0-2972-494d-9286-6f93c66b63b5,476,4740
478_Female_Juvenile_Maui-Nui.jpg,478,Female,Juvenile,Maui-Nui,photos-4745-4745.jpg,3d7e9a6e-90ea-4b1b-b5bc-f6d9d9d1de83,478,4745
479_Male_Adult_Maui-Nui.jpg,479,Male,Adult,Maui-Nui,photos-4748-4748.jpg,b23060e5-dd3a-4b92-ba65-8b2c94a46efe,479,4748
481_Male_Adult_Maui-Nui.jpg,481,Male,Adult,Maui-Nui,photos-4762-4762.jpg,66240074-58e5-45f1-9eaa-ab55aef5f527,481,4762
483_Male_Unknown_Maui-Nui.jpg,483,Male,Unknown,Maui-Nui,photos-4781-4781.jpg,1554aa78-01c8-4512-bf6d-755a73b897c9,483,4781
484_Female_Unknown_Maui-Nui.jpg,484,Female,Unknown,Maui-Nui,photos-4827-4827.jpg,bd7ced19-c2c8-4329-96a7-8d91154cdd63,484,4827
485_Unknown_Unknown_Maui-Nui.jpg,485,Unknown,Unknown,Maui-Nui,photos-4800-4800.jpg,d3280e50-1399-4521-954e-1abce646f64a,485,4800
487_Female_Unknown_Maui-Nui.jpg,487,Female,Unknown,Maui-Nui,photos-4815-4815.jpg,d519c912-1e8b-4cce-9c82-3fccfb6e0354,487,4815
489_Male_Juvenile_Maui-Nui.jpg,489,Male,Juvenile,Maui-Nui,photos-4822-4822.jpg,6790cab3-36c1-45f4-9bb5-8a912a696f69,489,4822
490_Female_Unknown_Maui-Nui.jpg,490,Female,Unknown,Maui-Nui,photos-4828-4828.jpg,80f28cb1-9c24-4e28-b0e9-82a681d2f8c7,490,4828
491_Female_Unknown_Maui-Nui.jpg,491,Female,Unknown,Maui-Nui,photos-4836-4836.jpg,69ff624f-04e1-4b7e-b5dc-62d01b7ebacd,491,4836
492_Male_Juvenile_Maui-Nui.jpg,492,Male,Juvenile,Maui-Nui,photos-4839-4839.jpg,ffc1198f-a53f-494b-b1f3-57ff85790772,492,4839
493_Male_Juvenile_Maui-Nui.jpg,493,Male,Juvenile,Maui-Nui,photos-4851-4851.jpg,df478c54-8ce8-488c-bfcf-a02fcd8d948e,493,4851
494_Female_Juvenile_Maui-Nui.jpg,494,Female,Juvenile,Maui-Nui,photos-4862-4862.jpg,97387b44-e037-49e7-ae40-72c487cd8ee8,494,4862
498_Male_Juvenile_Maui-Nui.jpg,498,Male,Juvenile,Maui-Nui,photos-4876-4876.jpg,95547fc4-ece5-477a-aa44-c8229f9b998a,498,4876
499_Male_Juvenile_Maui-Nui.jpg,499,Male,Juvenile,Maui-Nui,photos-4880-4880.jpg,2010b447-843f-446a-b866-d7574a2fd711,499,4880
506_Female_Juvenile_Maui-Nui.jpg,506,Female,Juvenile,Maui-Nui,photos-4944-4944.jpg,e65d5e73-fc13-4474-9d4a-b03b940af064,506,4944
508_Male_Adult_Maui-Nui.jpg,508,Male,Adult,Maui-Nui,photos-4929-4929.jpg,c7f96e3c-caa6-4344-b30d-23b1aa8d40f3,508,4929
510_Unknown_Unknown_Maui-Nui.jpg,510,Unknown,Unknown,Maui-Nui,photos-4933-4933.jpg,477722c9-7d55-4fc8-b415-b6f86fb430a6,510,4933
512_Male_Juvenile_Maui-Nui.jpg,512,Male,Juvenile,Maui-Nui,photos-4936-4936.jpg,98300f00-be09-4d9b-8659-7c692237565b,512,4936
513_Male_Juvenile_Maui-Nui.jpg,513,Male,Juvenile,Maui-Nui,photos-4938-4938.jpg,c6fa058c-3470-40ec-8d8a-85e859b862ca,513,4938
514_Male_Juvenile_Maui-Nui.jpg,514,Male,Juvenile,Maui-Nui,photos-4942-4942.jpg,0c47b452-2cbe-4b51-af6c-c03f1ad4f185,514,4942
529_Female_Unknown_Maui-Nui.jpg,529,Female,Unknown,Maui-Nui,photos-4978-4978.jpg,391f0ed9-5bce-4e8a-a53e-da6d49d0df3f,529,4978
532_Male_Adult_Maui-Nui.jpg,532,Male,Adult,Maui-Nui,photos-5005-5005.jpg,89997281-f5c1-4dbd-ad24-46c1da8c7a80,532,5005
533_Female_Unknown_Maui-Nui.jpg,533,Female,Unknown,Maui-Nui,photos-5010-5010.jpg,8a6bc257-b990-4031-a309-791ae3370030,533,5010
536_Female_Unknown_Maui-Nui.jpg,536,Female,Unknown,Maui-Nui,photos-5059-5059.jpg,1ebc6c8a-ba03-4d60-9596-7dc582c3f636,536,5059
537_Female_Unknown_Maui-Nui.jpg,537,Female,Unknown,Maui-Nui,photos-5028-5028.jpg,fb306a47-b9c9-46be-bb81-5728daca3f80,537,5028
539_Female_Unknown_Maui-Nui.jpg,539,Female,Unknown,Maui-Nui,photos-5032-5032.jpg,803d034a-034e-4d4d-9877-3363d711bdf2,539,5032
540_Unknown_Unknown_Maui-Nui.jpg,540,Unknown,Unknown,Maui-Nui,photos-5036-5036.jpg,4d21a041-f3e6-4050-90a7-66b51cb6b2b8,540,5036
541_Female_Juvenile_Maui-Nui.jpg,541,Female,Juvenile,Maui-Nui,photos-5043-5043.jpg,64a98287-61a7-48b6-b7bb-cd2969e4476b,541,5043
542_Female_Unknown_Maui-Nui.jpg,542,Female,Unknown,Maui-Nui,photos-5041-5041.jpg,df88f282-196f-4af4-99d8-aed533e851b7,542,5041
543_Male_Juvenile_Maui-Nui.jpg,543,Male,Juvenile,Maui-Nui,photos-5044-5044.jpg,44ea44cb-1668-42c7-89d2-9af106b34942,543,5044
544_Female_Unknown_Maui-Nui.jpg,544,Female,Unknown,Maui-Nui,photos-5046-5046.jpg,580b9fac-b357-4a1b-9ffe-eb12a30f0aa1,544,5046
545_Unknown_Unknown_Maui-Nui.jpg,545,Unknown,Unknown,Maui-Nui,photos-5047-5047.jpg,c6b36919-243c-4396-957d-9d0bb34c6d2d,545,5047
546_Female_Unknown_Maui-Nui.jpg,546,Female,Unknown,Maui-Nui,photos-5052-5052.jpg,28f3c080-16fd-4b82-b0e5-1b7ab58ca0aa,546,5052
547_Female_Unknown_Maui-Nui.jpg,547,Female,Unknown,Maui-Nui,photos-5054-5054.jpg,1586a299-206a-4910-93cb-4663b71bef13,547,5054
548_Unknown_Unknown_Maui-Nui.jpg,548,Unknown,Unknown,Maui-Nui,photos-5057-5057.jpg,ae0b108d-83bd-4baa-b54b-eac3a10948fa,548,5057
549_Unknown_Unknown_Maui-Nui.jpg,549,Unknown,Unknown,Maui-Nui,photos-5058-5058.jpg,36095bc0-1b41-4031-ae5c-328266d67717,549,5058
551_Female_Juvenile_Maui-Nui.jpg,551,Female,Juvenile,Maui-Nui,photos-5061-5061.jpg,75bebf75-a383-4b42-8206-c9a409d7e8df,551,5061
552_Female_Unknown_Maui-Nui.jpg,552,Female,Unknown,Maui-Nui,photos-5067-5067.jpg,20f77f51-9c52-4a2e-8eba-fbb9fce3ab07,552,5067
556_Male_Adult_Maui-Nui.jpg,556,Male,Adult,Maui-Nui,photos-5138-5138.jpg,78215525-f83d-4f4f-a79f-4403f433a167,556,5138
557_Female_unknown_Maui-Nui.jpg,557,Female,unknown,Maui-Nui,photos-5077-5077.jpg,16b69cec-b11e-4b1f-8305-a4b68aa8a91c,557,5077
559_Female_unknown_Maui-Nui.jpg,559,Female,unknown,Maui-Nui,photos-5079-5079.jpg,a8a79162-72ec-43b8-8cd7-a31aebb1702a,559,5079
560_Female_unknown_Maui-Nui.jpg,560,Female,unknown,Maui-Nui,photos-5081-5081.jpg,46d44bf2-dad6-4d90-bbe9-d35e9524d39f,560,5081
561_Female_unknown_Maui-Nui.jpg,561,Female,unknown,Maui-Nui,photos-5080-5080.jpg,d6502390-78ae-48b3-b971-e684e59eef00,561,5080
562_Female_unknown_Maui-Nui.jpg,562,Female,unknown,Maui-Nui,photos-5082-5082.jpg,5c3dd89e-41b4-4729-8590-ab0dae39a3e2,562,5082
563_Female_unknown_Maui-Nui.jpg,563,Female,unknown,Maui-Nui,photos-5083-5083.jpg,921dd821-e9b0-4a5d-a515-bfbedc466f44,563,5083
567_Female_unknown_Maui-Nui.jpg,567,Female,unknown,Maui-Nui,photos-5089-5089.jpg,94c1f6e5-d85e-48f7-b565-3f9451680d1d,567,5089
569_Female_unknown_Maui-Nui.jpg,569,Female,unknown,Maui-Nui,photos-5092-5092.jpg,687a5f59-d9c2-4400-a37b-e83ebe714957,569,5092
570_Female_unknown_Maui-Nui.jpg,570,Female,unknown,Maui-Nui,photos-5094-5094.jpg,754c3eb4-609d-4180-8af5-677813a1cb90,570,5094
572_Male_unknown_Maui-Nui.jpg,572,Male,unknown,Maui-Nui,photos-5098-5098.jpg,ca9ed644-c98c-4d48-be7a-2a10db69ca6d,572,5098
575_Female_unknown_Maui-Nui.jpg,575,Female,unknown,Maui-Nui,photos-5106-5106.jpg,714fdf56-2b56-4ab7-bcb1-7a54196c6a32,575,5106
576_Male_unknown_Maui-Nui.jpg,576,Male,unknown,Maui-Nui,photos-5107-5107.jpg,b65ddb0c-52ff-491f-9109-a2a46138cabf,576,5107
577_Unknown_unknown_Maui-Nui.jpg,577,Unknown,unknown,Maui-Nui,photos-5109-5109.jpg,dc7f0bd7-cd45-44e7-ae8b-2f6973962ddd,577,5109
579_Unknown_unknown_Maui-Nui.jpg,579,Unknown,unknown,Maui-Nui,photos-5111-5111.jpg,7176a680-35f6-45b9-99c3-84e71825fdeb,579,5111
580_Female_unknown_Maui-Nui.jpg,580,Female,unknown,Maui-Nui,photos-5113-5113.jpg,4a1dbd2c-b633-4703-a98a-7b0012946bb7,580,5113
581_Unknown_unknown_Maui-Nui.jpg,581,Unknown,unknown,Maui-Nui,photos-5116-5116.jpg,91bd62b9-dd67-427f-8ae1-3734573e17b6,581,5116
582_Unknown_unknown_Maui-Nui.jpg,582,Unknown,unknown,Maui-Nui,photos-5119-5119.jpg,7f96116b-de9b-473f-a831-db9dba3e995c,582,5119
583_Unknown_unknown_Maui-Nui.jpg,583,Unknown,unknown,Maui-Nui,photos-5122-5122.jpg,fe038bc0-bbdc-414c-811b-21461d560e42,583,5122
584_Female_unknown_Maui-Nui.jpg,584,Female,unknown,Maui-Nui,photos-5123-5123.jpg,1bd8e815-e15e-462d-872e-f1c65b6c70bb,584,5123
585_Unknown_unknown_Maui-Nui.jpg,585,Unknown,unknown,Maui-Nui,photos-5124-5124.jpg,60bb038b-548d-40d1-a9c2-22127eb262fa,585,5124
586_Unknown_unknown_Maui-Nui.jpg,586,Unknown,unknown,Maui-Nui,photos-5125-5125.jpg,da311433-61c9-4569-8d31-10e9f3ea7d78,586,5125
587_Unknown_unknown_Maui-Nui.jpg,587,Unknown,unknown,Maui-Nui,photos-5126-5126.jpg,bb5334d0-bb57-49b7-a551-58d4904ce2d0,587,5126
588_Unknown_unknown_Maui-Nui.jpg,588,Unknown,unknown,Maui-Nui,photos-5128-5128.jpg,d2ecab9a-7ca6-4691-ab31-0a20ce37a5b6,588,5128
589_Male_unknown_Maui-Nui.jpg,589,Male,unknown,Maui-Nui,photos-5129-5129.jpg,60a78b9f-2e09-4967-ac3d-8a7e0b68aa2d,589,5129
590_Unknown_unknown_Maui-Nui.jpg,590,Unknown,unknown,Maui-Nui,photos-5131-5131.jpg,b547efb7-77f5-4fad-a68a-0f416670c372,590,5131
592_Unknown_unknown_Maui-Nui.jpg,592,Unknown,unknown,Maui-Nui,photos-5134-5134.jpg,baef42b2-f10b-4635-87d0-c8e8819beeed,592,5134
593_Male_unknown_Maui-Nui.jpg,593,Male,unknown,Maui-Nui,photos-5135-5135.jpg,fd234a4e-c9ec-4383-8499-81aab9d7edc6,593,5135
594_Male_unknown_Maui-Nui.jpg,594,Male,unknown,Maui-Nui,photos-5136-5136.jpg,18bd2f5b-709a-4551-afae-94fa89a1ff90,594,5136
595_Female_unknown_Maui-Nui.jpg,595,Female,unknown,Maui-Nui,photos-5139-5139.jpg,47750628-9cbb-47c2-b7c6-f7b57cc5cfe7,595,5139
596_Unknown_unknown_Maui-Nui.jpg,596,Unknown,unknown,Maui-Nui,photos-5140-5140.jpg,db090269-aacf-4bcb-99ec-1b9b218b9511,596,5140
597_Male_unknown_Maui-Nui.jpg,597,Male,unknown,Maui-Nui,photos-5141-5141.jpg,aef56be4-4c74-436c-889c-77e563d11a9c,597,5141
598_Male_unknown_Maui-Nui.jpg,598,Male,unknown,Maui-Nui,photos-5142-5142.jpg,25dd2879-ff29-4d5a-acaa-72835c743130,598,5142
599_Unknown_unknown_Maui-Nui.jpg,599,Unknown,unknown,Maui-Nui,photos-5143-5143.jpg,a428844b-939e-44b6-8831-2a7b3a504de1,599,5143
600_Male_unknown_Maui-Nui.jpg,600,Male,unknown,Maui-Nui,photos-5144-5144.jpg,231d2897-bf0f-4d98-bd42-045e49fcf123,600,5144
601_Female_unknown_Maui-Nui.jpg,601,Female,unknown,Maui-Nui,photos-5145-5145.jpg,c390cdb3-d82e-4f1f-a639-89f8358ff1d6,601,5145
603_Unknown_unknown_Maui-Nui.jpg,603,Unknown,unknown,Maui-Nui,photos-5147-5147.jpg,7601282b-879a-4559-be30-99d3d3857ae6,603,5147
604_Male_unknown_Maui-Nui.jpg,604,Male,unknown,Maui-Nui,photos-5148-5148.jpg,2aea67a5-924c-41f4-a205-ef524b8d8ae4,604,5148
605_Male_unknown_Maui-Nui.jpg,605,Male,unknown,Maui-Nui,photos-5150-5150.jpg,df36f51c-7c11-498f-acf5-fb8e7a6817fa,605,5150
606_Unknown_unknown_Maui-Nui.jpg,606,Unknown,unknown,Maui-Nui,photos-5151-5151.jpg,d6c44e97-461f-4c4f-8671-e14599e50dcd,606,5151
607_Unknown_Unknown_Maui-Nui.jpg,607,Unknown,Unknown,Maui-Nui,photos-5152-5152.jpg,0a8bd03a-7059-4e4f-955f-a99263f40c7e,607,5152
609_Female_unknown_Maui-Nui.jpg,609,Female,unknown,Maui-Nui,photos-5154-5154.jpg,41f14175-2353-4a5d-a20f-12fe859a54fa,609,5154
611_Female_unknown_Maui-Nui.jpg,611,Female,unknown,Maui-Nui,photos-5159-5159.jpg,72d66243-6005-444c-9aa9-58c39dfba7b2,611,5159
612_Male_unknown_Maui-Nui.jpg,612,Male,unknown,Maui-Nui,photos-5161-5161.jpg,153fc209-7eaf-4c5a-b488-e6c4085294a1,612,5161
615_Unknown_unknown_Maui-Nui.jpg,615,Unknown,unknown,Maui-Nui,photos-5165-5165.jpg,baa17488-d6d6-4e68-841c-72905b3c1593,615,5165
616_Male_unknown_Maui-Nui.jpg,616,Male,unknown,Maui-Nui,photos-5166-5166.jpg,099424bb-328d-4540-9a2a-a4c1aec97e97,616,5166
617_Female_unknown_Maui-Nui.jpg,617,Female,unknown,Maui-Nui,photos-5167-5167.jpg,28a5a728-e762-409a-9beb-147f7009f6bd,617,5167
618_Female_unknown_Maui-Nui.jpg,618,Female,unknown,Maui-Nui,photos-5168-5168.jpg,595c2e97-74b3-47ba-983c-a9fdc7686c7a,618,5168
619_Female_Unknown_Maui-Nui.jpg,619,Female,Unknown,Maui-Nui,photos-5170-5170.jpg,3f19d97b-d3ce-453a-a218-01dba2fd6dc2,619,5170
620_Female_unknown_Maui-Nui.jpg,620,Female,unknown,Maui-Nui,photos-5171-5171.jpg,31e94a0e-3e63-4f8c-808a-cb1a0c805b53,620,5171
621_Female_unknown_Maui-Nui.jpg,621,Female,unknown,Maui-Nui,photos-5172-5172.jpg,8c923bb6-884e-4e2d-ba73-358ac0346faf,621,5172
622_Male_unknown_Maui-Nui.jpg,622,Male,unknown,Maui-Nui,photos-5173-5173.jpg,f5888192-7ea2-47dd-aabd-7c5ac0cb7b83,622,5173
623_Female_unknown_Maui-Nui.jpg,623,Female,unknown,Maui-Nui,photos-5174-5174.jpg,e1ad6455-cde9-4d36-a4d0-c4501e0e2684,623,5174
624_Male_Juvenile_Maui-Nui.jpg,624,Male,Juvenile,Maui-Nui,photos-5175-5175.jpg,bfe2cf58-39cc-413b-b1ab-74b541c67943,624,5175
625_Female_unknown_Maui-Nui.jpg,625,Female,unknown,Maui-Nui,photos-5177-5177.jpg,434a7965-e010-4e2f-8b49-70051a3a77d2,625,5177
626_Female_unknown_Maui-Nui.jpg,626,Female,unknown,Maui-Nui,photos-5178-5178.jpg,dc0d8d51-39b1-4b2b-8744-3d42049b8963,626,5178
627_Female_unknown_Maui-Nui.jpg,627,Female,unknown,Maui-Nui,photos-5179-5179.jpg,010b5a4f-bd5d-462d-91e2-a90baebe86af,627,5179
628_Male_unknown_Maui-Nui.jpg,628,Male,unknown,Maui-Nui,photos-5180-5180.jpg,b1bf7275-5fa9-404c-bc15-fa32e801d4ec,628,5180
629_Male_Juvenile_Maui-Nui.jpg,629,Male,Juvenile,Maui-Nui,photos-5181-5181.jpg,cd2795e8-1e0a-4983-a60b-9b32802790d1,629,5181
630_Unknown_unknown_Maui-Nui.jpg,630,Unknown,unknown,Maui-Nui,photos-5182-5182.jpg,66832a2b-3c30-4f1d-9bfb-7eade4cb073d,630,5182
632_Female_unknown_Maui-Nui.jpg,632,Female,unknown,Maui-Nui,photos-5185-5185.jpg,f855b28f-c094-49a4-bac5-35691f5e7b2a,632,5185
633_Unknown_unknown_Maui-Nui.jpg,633,Unknown,unknown,Maui-Nui,photos-5186-5186.jpg,381d7955-f245-4cbd-960a-4143cb3ed45b,633,5186
634_Female_unknown_Maui-Nui.jpg,634,Female,unknown,Maui-Nui,photos-5187-5187.jpg,87737512-e96a-444a-bb20-31dae12d1397,634,5187
635_Female_unknown_Maui-Nui.jpg,635,Female,unknown,Maui-Nui,photos-5189-5189.jpg,22b14b34-c314-4336-9077-1604c645ee7c,635,5189
636_Female_unknown_Maui-Nui.jpg,636,Female,unknown,Maui-Nui,photos-5190-5190.jpg,93e6d109-c532-4505-abb3-e33ff5cae231,636,5190
637_Female_unknown_Maui-Nui.jpg,637,Female,unknown,Maui-Nui,photos-5191-5191.jpg,6b87c598-3ebe-475e-a9a3-1cb974f859c3,637,5191
638_Female_unknown_Maui-Nui.jpg,638,Female,unknown,Maui-Nui,photos-5192-5192.jpg,68c4abe5-4cf0-46be-b5af-5450d6da818f,638,5192
639_Female_unknown_Maui-Nui.jpg,639,Female,unknown,Maui-Nui,photos-5193-5193.jpg,0d851eb1-9729-4a2b-a169-4608b212810f,639,5193
640_Female_unknown_Maui-Nui.jpg,640,Female,unknown,Maui-Nui,photos-5194-5194.jpg,66b168ce-6a64-4d74-8f66-fd17ef1cd969,640,5194
641_Male_unknown_Maui-Nui.jpg,641,Male,unknown,Maui-Nui,photos-5195-5195.jpg,4e03a7ef-8cf5-4d88-b606-dc01d0c188cd,641,5195
642_Male_unknown_Maui-Nui.jpg,642,Male,unknown,Maui-Nui,photos-5196-5196.jpg,bf981124-4a2f-4faa-95c0-9afcbcf99927,642,5196
644_Male_unknown_Maui-Nui.jpg,644,Male,unknown,Maui-Nui,photos-5198-5198.jpg,26cbac15-18d8-4cd8-9d2f-0b2a3d8263aa,644,5198
645_Female_unknown_Maui-Nui.jpg,645,Female,unknown,Maui-Nui,photos-5200-5200.jpg,bf0fc20a-fe7b-4a29-a148-38819447ec29,645,5200
646_Female_unknown_Maui-Nui.jpg,646,Female,unknown,Maui-Nui,photos-5201-5201.jpg,8102951c-9f92-405c-935c-6022d909409c,646,5201
647_Unknown_Unknown_Maui-Nui.jpg,647,Unknown,Unknown,Maui-Nui,photos-5202-5202.jpg,5cc76e6e-5698-4470-8e58-5caf09cbf598,647,5202
648_Male_Adult_Oahu.jpg,648,Male,Adult,Oahu,photos-5203-5203.jpg,7969f1e2-be51-451e-85f7-906542badec5,648,5203
649_Male_Juvenile_Oahu.jpg,649,Male,Juvenile,Oahu,photos-5204-5204.jpg,1da5537d-22a5-4c3d-afba-a4620508e313,649,5204
650_Male_Adult_Oahu.jpg,650,Male,Adult,Oahu,photos-5205-5205.jpg,9bcfacaf-2c28-4895-ab59-25f45fef53bc,650,5205
651_Male_Juvenile_Oahu.jpg,651,Male,Juvenile,Oahu,photos-5206-5206.jpg,4fa4ba25-6592-471f-9949-0fa32aeb2b30,651,5206
652_Female_Unknown_Oahu.jpg,652,Female,Unknown,Oahu,photos-5207-5207.jpg,a26d65de-5b94-4361-a438-8d6be047ea83,652,5207
653_Female_Unknown_Oahu.jpg,653,Female,Unknown,Oahu,photos-5208-5208.jpg,a2a046cf-0b26-4145-8f76-b7c8b2fd8471,653,5208
654_Female_Unknown_Oahu.jpg,654,Female,Unknown,Oahu,photos-5209-5209.jpg,bba9897f-4382-4478-81a1-fdec6cf629b2,654,5209
655_Female_Unknown_Oahu.jpg,655,Female,Unknown,Oahu,photos-5210-5210.jpg,cbff80a6-dd65-4b1d-9372-d4ac20327d47,655,5210
656_Female_Unknown_Oahu.jpg,656,Female,Unknown,Oahu,photos-5211-5211.jpg,123ac13f-a94d-40d0-96f6-050835ab646c,656,5211
657_Female_Unknown_Oahu.jpg,657,Female,Unknown,Oahu,photos-5212-5212.jpg,2281cae7-ab29-4275-8d1a-d56a86f08d47,657,5212
658_Female_Unknown_Oahu.jpg,658,Female,Unknown,Oahu,photos-5213-5213.jpg,64a258b2-9b0d-4da3-905a-e55f955dcc32,658,5213
659_Female_Unknown_Oahu.jpg,659,Female,Unknown,Oahu,photos-5214-5214.jpg,a7923b6d-5756-48d5-bfeb-5569f60bfacd,659,5214
660_Female_Unknown_Oahu.jpg,660,Female,Unknown,Oahu,photos-5215-5215.jpg,6cb85f85-4906-40f6-85cd-8200f916a137,660,5215
661_Female_Unknown_Oahu.jpg,661,Female,Unknown,Oahu,photos-5216-5216.jpg,eb1767b8-350b-4df1-9d9a-32ea342d26db,661,5216
662_Female_Unknown_Oahu.jpg,662,Female,Unknown,Oahu,photos-5217-5217.jpg,d38875b7-0f72-4fd0-9d78-b2c50ebe1ab9,662,5217
663_Female_Unknown_Oahu.jpg,663,Female,Unknown,Oahu,photos-5218-5218.jpg,15722dd5-586b-42e4-971e-4472db3bdad7,663,5218
664_Female_Unknown_Oahu.jpg,664,Female,Unknown,Oahu,photos-6507-6507.jpg,05542e1b-3623-4a46-92f8-224a0bc5bf73,664,6507
665_Female_Unknown_Oahu.jpg,665,Female,Unknown,Oahu,photos-5220-5220.jpg,e0cd1284-cb59-4e17-b81c-da2c45dd262e,665,5220
677_Male_Adult_Oahu.jpg,677,Male,Adult,Oahu,photos-5237-5237.jpg,3301c2ab-3413-4fd7-963b-ac747833d2d8,677,5237
678_Male_Adult_Oahu.jpg,678,Male,Adult,Oahu,photos-6813-6813.jpg,895b4fcd-678e-4ee5-ac79-ae9ee3e4db81,678,6813
679_Female_Unknown_Kauai.jpg,679,Female,Unknown,Kauai,photos-5239-5239.jpg,103c14af-b35d-42b9-9abe-95670bb943ea,679,5239
680_Female_Unknown_Maui-Nui.jpg,680,Female,Unknown,Maui-Nui,photos-5240-5240.jpg,dcb12fbe-959a-4b6a-80da-004e843fee8e,680,5240
681_Unknown_Unknown_Oahu.jpg,681,Unknown,Unknown,Oahu,photos-5241-5241.jpg,01f5e399-0723-40c1-851f-3d466d574732,681,5241
683_Female_Juvenile_Big-Island.jpg,683,Female,Juvenile,Big-Island,photos-5243-5243.jpg,dd187b4a-6b56-4251-b252-87515c9b24f4,683,5243
684_Male_Juvenile_Big-Island.jpg,684,Male,Juvenile,Big-Island,photos-5249-5249.jpg,8555a0ce-3f7f-4145-a66d-0e3f9d6c353b,684,5249
700_Female_unknown_Big-Island.jpg,700,Female,unknown,Big-Island,photos-5278-5278.jpg,d1310457-812d-44bd-86e0-dadfc7fdd3a5,700,5278
701_Male_Adult_Big-Island.jpg,701,Male,Adult,Big-Island,photos-5282-5282.jpg,9bd0080d-7c3a-4573-b070-09c3ce972ef5,701,5282
702_Female_Adult_Big-Island.jpg,702,Female,Adult,Big-Island,photos-5284-5284.jpg,f1d42c2d-4aa5-494b-8342-664b13733bc8,702,5284
705_Female_Juvenile_Big-Island.jpg,705,Female,Juvenile,Big-Island,photos-5296-5296.jpg,1e930e68-48a8-49ac-b23a-f983a166d74e,705,5296
714_Female_Unknown_Big-Island.jpg,714,Female,Unknown,Big-Island,photos-5551-5551.jpg,0512a786-9d67-40e0-8d43-921cbb62b1b7,714,5551
715_Female_Unknown_Big-Island.jpg,715,Female,Unknown,Big-Island,photos-5554-5554.jpg,bb3b2267-12bf-4ed4-a869-6db98bae4fab,715,5554
716_Male_Adult_Big-Island.jpg,716,Male,Adult,Big-Island,photos-5557-5557.jpg,24a5c84f-a588-4bbb-8c16-71bd31b7fc82,716,5557
717_Female_Unknown_Big-Island.jpg,717,Female,Unknown,Big-Island,photos-5560-5560.jpg,0420ecb8-8176-4075-a324-9a0f653b595f,717,5560
718_Female_Juvenile_Big-Island.jpg,718,Female,Juvenile,Big-Island,photos-5561-5561.jpg,17c2a20f-89c6-494d-b2a2-1d2fa8342be9,718,5561
719_Female_Juvenile_Big-Island.jpg,719,Female,Juvenile,Big-Island,photos-5565-5565.jpg,e615dd3f-c036-4a96-a87a-3382c8d32ebc,719,5565
720_Male_Adult_Big-Island.jpg,720,Male,Adult,Big-Island,photos-5566-5566.jpg,dd9ee9d0-fc60-4d96-afaa-ba6901cebd0f,720,5566
721_Male_Adult_Big-Island.jpg,721,Male,Adult,Big-Island,photos-5567-5567.jpg,51401993-2f20-4e3a-bf19-52166f391f6b,721,5567
722_Female_Juvenile_Big-Island.jpg,722,Female,Juvenile,Big-Island,photos-5569-5569.jpg,45a96266-2715-4510-ae7e-d0b11e832447,722,5569
723_Male_Adult_Big-Island.jpg,723,Male,Adult,Big-Island,photos-5570-5570.jpg,6e80f0ce-6e44-4088-8d1a-d15db5fdf17c,723,5570
724_Male_Adult_Big-Island.jpg,724,Male,Adult,Big-Island,photos-5571-5571.jpg,c6c8563b-1d24-4adc-b5a3-e00edbc224cb,724,5571
726_Male_Juvenile_Big-Island.jpg,726,Male,Juvenile,Big-Island,photos-5576-5576.jpg,353025c2-8fff-4b08-854c-ecc29dfd9c9a,726,5576
727_Female_Adult_Big-Island.jpg,727,Female,Adult,Big-Island,photos-5581-5581.jpg,9c2df4fd-9832-4d12-ae8e-f6fd9361aa50,727,5581
728_Female_Unknown_Big-Island.jpg,728,Female,Unknown,Big-Island,photos-5540-5540.jpg,9d675976-0a48-4f3e-aa3e-a1dfaa3d9f7b,728,5540
730_Male_Juvenile_Oahu.jpg,730,Male,Juvenile,Oahu,photos-6476-6476.jpg,d8e24365-d15f-4c3c-b439-66da9d7ff461,730,6476
731_Female_Juvenile_Oahu.jpg,731,Female,Juvenile,Oahu,photos-6780-6780.jpg,0afa40e1-c075-43b4-9e4e-4fe5ebdd8992,731,6780
732_Female_Juvenile_Oahu.jpg,732,Female,Juvenile,Oahu,photos-6746-6746.jpg,e877b382-1dd3-4b01-96ee-5b41d2ebae18,732,6746
733_Male_Adult_Oahu.jpg,733,Male,Adult,Oahu,photos-6434-6434.jpg,603b044f-5495-481a-b56f-c0c5268e16ff,733,6434
734_Female_Unknown_Oahu.jpg,734,Female,Unknown,Oahu,photos-6435-6435.jpg,c371377a-38bf-44c5-8bf1-3ce0fad9bb5b,734,6435
735_Female_Unknown_Oahu.jpg,735,Female,Unknown,Oahu,photos-6437-6437.jpg,e86bc112-ae7c-45cd-916b-5a591659f537,735,6437
736_Male_Juvenile_Oahu.jpg,736,Male,Juvenile,Oahu,photos-7091-7091.jpg,19bbe2d6-43ae-4c9d-8b6d-eabd907aa611,736,7091
738_Female_Juvenile_Oahu.jpg,738,Female,Juvenile,Oahu,photos-6454-6454.jpg,83d55011-5125-4b3f-b065-62370ba01fc0,738,6454
739_Female_Unknown_Oahu.jpg,739,Female,Unknown,Oahu,photos-6455-6455.jpg,49e5e699-6c21-42ad-9c23-4a75c391ac2d,739,6455
740_Female_Unknown_Oahu.jpg,740,Female,Unknown,Oahu,photos-6456-6456.jpg,36112f8e-6891-46e1-af86-91069710396b,740,6456
741_Male_Adult_Oahu.jpg,741,Male,Adult,Oahu,photos-6459-6459.jpg,d5e3f297-878c-453c-a89a-06e434f927b2,741,6459
742_Unknown_Unknown_Oahu.jpg,742,Unknown,Unknown,Oahu,photos-6460-6460.jpg,c0e2b43d-1e5c-493c-84bd-a01fd3a16cc1,742,6460
744_Female_Unknown_Oahu.jpg,744,Female,Unknown,Oahu,photos-6462-6462.jpg,d563a028-d31f-48c5-b911-9fe19a2e415b,744,6462
746_Male_Unknown_Oahu.jpg,746,Male,Unknown,Oahu,photos-6501-6501.jpg,29581a13-7636-4cbf-b4ee-7deb8255c7c6,746,6501
753_Female_Unknown_Oahu.jpg,753,Female,Unknown,Oahu,photos-6504-6504.jpg,9ca4de97-d0db-4ebd-9fb2-a1aa6f983c05,753,6504
755_Male_Juvenile_Oahu.jpg,755,Male,Juvenile,Oahu,photos-6510-6510.jpg,ce7afff4-8b0d-4f4f-a67f-848624d5cea3,755,6510
756_Male_Juvenile_Oahu.jpg,756,Male,Juvenile,Oahu,photos-6511-6511.jpg,5acad210-fca8-4e01-bd8d-da52362247f2,756,6511
757_Female_Juvenile_Oahu.jpg,757,Female,Juvenile,Oahu,photos-6512-6512.jpg,af9bedce-0573-432c-9b5d-4ef80f8be48a,757,6512
758_Male_Juvenile_Oahu.jpg,758,Male,Juvenile,Oahu,photos-6513-6513.jpg,bbce6b2d-0a62-4c96-8b33-22797c54edf2,758,6513
759_Female_Unknown_Maui-Nui.jpg,759,Female,Unknown,Maui-Nui,photos-6519-6519.jpg,af53ff4c-dc53-4342-b1c4-03b204019879,759,6519
760_Male_Juvenile_Maui-Nui.jpg,760,Male,Juvenile,Maui-Nui,photos-6520-6520.jpg,9e2c7057-96c7-46b3-af7c-9166ba0d1fe7,760,6520
761_Male_Juvenile_Maui-Nui.jpg,761,Male,Juvenile,Maui-Nui,photos-6521-6521.jpg,05aa9e81-6eed-4016-a8d4-15fcae0253bd,761,6521
763_Unknown_Unknown_Maui-Nui.jpg,763,Unknown,Unknown,Maui-Nui,photos-6525-6525.jpg,4d991b8e-a8db-498b-b46e-330da4d68c07,763,6525
764_Female_Unknown_Maui-Nui.jpg,764,Female,Unknown,Maui-Nui,photos-6526-6526.jpg,a292e260-e54a-4092-9b34-9bdc5b78332a,764,6526
765_Female_Unknown_Maui-Nui.jpg,765,Female,Unknown,Maui-Nui,photos-6527-6527.jpg,05a3ee5c-02d1-47ea-8c04-c1ded1d6284b,765,6527
766_Female_Unknown_Maui-Nui.jpg,766,Female,Unknown,Maui-Nui,photos-6530-6530.jpg,5ddd6c01-838f-43ba-9886-11703662328a,766,6530
767_Unknown_Unknown_Kauai.jpg,767,Unknown,Unknown,Kauai,photos-6531-6531.jpg,22b3e879-3b8b-46d4-8c73-4e1b205efd2a,767,6531
768_Unknown_Unknown_Kauai.jpg,768,Unknown,Unknown,Kauai,photos-6532-6532.jpg,f948a8af-433b-41ed-8b19-610abd1a5618,768,6532
769_Female_Unknown_Kauai.jpg,769,Female,Unknown,Kauai,photos-6533-6533.jpg,4bc66c10-02f1-4886-9b9a-c8831c298dd0,769,6533
770_Male_Adult_Kauai.jpg,770,Male,Adult,Kauai,photos-6534-6534.jpg,8bc6f976-1284-49ad-ab76-d82cfef58fbb,770,6534
771_Female_Unknown_Kauai.jpg,771,Female,Unknown,Kauai,photos-6535-6535.jpg,2638f20c-da40-44f9-944a-a919e9054f31,771,6535
772_Unknown_Unknown_Kauai.jpg,772,Unknown,Unknown,Kauai,photos-6537-6537.jpg,542a139d-eb81-44e1-b995-19dd6fd101be,772,6537
773_Unknown_Unknown_Kauai.jpg,773,Unknown,Unknown,Kauai,photos-6538-6538.jpg,2b0e9c58-6c1b-4ce8-b86d-e0fd7f7dd8ef,773,6538
774_Unknown_Unknown_Maui-Nui.jpg,774,Unknown,Unknown,Maui-Nui,photos-6682-6682.jpg,e4b2e31c-6e3f-4bb3-baa3-94b3e7cb5b2a,774,6682
775_Female_Adult_Oahu.jpg,775,Female,Adult,Oahu,photos-6791-6791.jpg,6cde8efd-3cf4-48c6-9fa1-e33200d7443f,775,6791
777_Unknown_Unknown_Oahu.jpg,777,Unknown,Unknown,Oahu,photos-6834-6834.jpg,97e751f1-6b5e-45c7-accb-20022e20942c,777,6834
778_Female_Juvenile_Maui-Nui.jpg,778,Female,Juvenile,Maui-Nui,photos-6619-6619.jpg,d2765cde-7ef8-43d6-b8aa-955476cfa0d0,778,6619
780_Unknown_Unknown_Kauai.jpg,780,Unknown,Unknown,Kauai,photos-6624-6624.jpg,a8e33fd9-fab9-40a0-8e8f-474031dafd3a,780,6624
781_Unknown_Unknown_Kauai.jpg,781,Unknown,Unknown,Kauai,photos-6626-6626.jpg,380870ad-87b3-4aa0-a325-78e924b8c11b,781,6626
782_Unknown_Unknown_Kauai.jpg,782,Unknown,Unknown,Kauai,photos-6627-6627.jpg,7a2d14ed-5f72-4823-99c0-51f7c88f3a55,782,6627
783_Unknown_Unknown_Kauai.jpg,783,Unknown,Unknown,Kauai,photos-6628-6628.jpg,0e048913-764c-4dba-a090-6921fe32f19a,783,6628
784_Female_Unknown_Kauai.jpg,784,Female,Unknown,Kauai,photos-6794-6794.jpg,6725b800-ec60-44c2-85a7-04d14d540e64,784,6794
785_Female_Unknown_Kauai.jpg,785,Female,Unknown,Kauai,photos-6631-6631.jpg,80fcd9a9-bcdd-423f-a561-d0533127d435,785,6631
787_Female_Unknown_Maui-Nui.jpg,787,Female,Unknown,Maui-Nui,photos-6634-6634.jpg,d93ec278-48c6-484a-8e9f-4c34d8b56e26,787,6634
789_Unknown_Unknown_Maui-Nui.jpg,789,Unknown,Unknown,Maui-Nui,photos-6637-6637.jpg,9192ea58-59f5-4bf2-8066-073146122093,789,6637
790_Unknown_Unknown_Maui-Nui.jpg,790,Unknown,Unknown,Maui-Nui,photos-6639-6639.jpg,f84624b4-af8d-4f15-bcea-0b2830f3b943,790,6639
791_Unknown_Unknown_Maui-Nui.jpg,791,Unknown,Unknown,Maui-Nui,photos-6641-6641.jpg,d8cd150d-068f-416d-9aef-60de970bedc4,791,6641
793_Unknown_Unknown_Maui-Nui.jpg,793,Unknown,Unknown,Maui-Nui,photos-6645-6645.jpg,052493db-fc9a-44fa-943d-6424b8b3f0c4,793,6645
794_Female_Unknown_Maui-Nui.jpg,794,Female,Unknown,Maui-Nui,photos-6647-6647.jpg,529f2357-6989-4da4-83e4-a8061f0fd8b3,794,6647
795_Female_Unknown_Maui-Nui.jpg,795,Female,Unknown,Maui-Nui,photos-6649-6649.jpg,fdf14585-91cf-4355-a19b-be0951b55d84,795,6649
796_Female_Unknown_Maui-Nui.jpg,796,Female,Unknown,Maui-Nui,photos-6652-6652.jpg,25c6dbf5-9943-40c6-9431-3e2417d7fffd,796,6652
797_Female_Unknown_Maui-Nui.jpg,797,Female,Unknown,Maui-Nui,photos-6657-6657.jpg,ef686b4b-67ad-4300-8ba2-471d9c736a3b,797,6657
798_Female_Unknown_Maui-Nui.jpg,798,Female,Unknown,Maui-Nui,photos-6659-6659.jpg,676b4bd5-fb4f-450a-9133-722c6e902aea,798,6659
799_Male_Juvenile_Maui-Nui.jpg,799,Male,Juvenile,Maui-Nui,photos-6663-6663.jpg,78a81352-8330-45ae-87b2-4780d893a0dd,799,6663
800_Female_Unknown_Maui-Nui.jpg,800,Female,Unknown,Maui-Nui,photos-6671-6671.jpg,33f5d7ae-6c0f-43eb-940e-f0b662a4a95b,800,6671
801_Female_Unknown_Maui-Nui.jpg,801,Female,Unknown,Maui-Nui,photos-6677-6677.jpg,0838fead-754f-47a5-9c18-d18d88c0494c,801,6677
802_Unknown_Unknown_Maui-Nui.jpg,802,Unknown,Unknown,Maui-Nui,photos-6675-6675.jpg,fdc0a181-50ec-4dc4-8aa6-97c858ba7897,802,6675
804_Male_Juvenile_Maui-Nui.jpg,804,Male,Juvenile,Maui-Nui,photos-6681-6681.jpg,cc196ef6-01c3-4112-b47a-4c600f952c4f,804,6681
805_Unknown_Unknown_Maui-Nui.jpg,805,Unknown,Unknown,Maui-Nui,photos-6685-6685.jpg,b6e66559-28f1-4944-843f-9440a8336114,805,6685
806_Unknown_Unknown_Maui-Nui.jpg,806,Unknown,Unknown,Maui-Nui,photos-6686-6686.jpg,dbc3d111-9c11-44b2-a0ab-ec181bd94969,806,6686
807_Female_Unknown_Maui-Nui.jpg,807,Female,Unknown,Maui-Nui,photos-6688-6688.jpg,d9eaff07-b0ba-48f5-9590-a5fd425f9fb2,807,6688
808_Unknown_Unknown_Maui-Nui.jpg,808,Unknown,Unknown,Maui-Nui,photos-6693-6693.jpg,90582696-e722-413a-ab19-7f52ca07bd09,808,6693
809_Female_Unknown_Maui-Nui.jpg,809,Female,Unknown,Maui-Nui,photos-6695-6695.jpg,f05e0eb9-23e2-465e-ba20-72755868956d,809,6695
810_Unknown_Unknown_Maui-Nui.jpg,810,Unknown,Unknown,Maui-Nui,photos-6703-6703.jpg,0f100582-ec45-4d08-8ce5-13225eddd939,810,6703
811_Female_Unknown_Maui-Nui.jpg,811,Female,Unknown,Maui-Nui,photos-6707-6707.jpg,6dfa5e51-acba-4494-92fb-1bb1b8f3c01e,811,6707
813_Unknown_Unknown_Maui-Nui.jpg,813,Unknown,Unknown,Maui-Nui,photos-6709-6709.jpg,d05c6496-f775-4f7d-97fe-2700f0d99733,813,6709
816_Male_Juvenile_Oahu.jpg,816,Male,Juvenile,Oahu,photos-6728-6728.jpg,2fe53eff-2813-4bc8-a490-02f5b6e55277,816,6728
817_Unknown_Unknown_Oahu.jpg,817,Unknown,Unknown,Oahu,photos-6740-6740.jpg,8f5044fd-c0f1-4311-b1d8-14b503858d38,817,6740
818_Male_Juvenile_Oahu.jpg,818,Male,Juvenile,Oahu,photos-6838-6838.jpg,5884610e-d4c9-4e96-af09-6990241b865a,818,6838
819_Female_Unknown_Kauai.jpg,819,Female,Unknown,Kauai,photos-6773-6773.jpg,3d2244f2-ddc1-4123-929a-dba6eef53c39,819,6773
820_Female_Unknown_Kauai.jpg,820,Female,Unknown,Kauai,photos-6774-6774.jpg,fb87d77d-b0e1-4cfe-b512-edcd75f887e0,820,6774
821_Male_Adult_Kauai.jpg,821,Male,Adult,Kauai,photos-6776-6776.jpg,b05ef642-9dae-4dbf-8d72-9089a8188f0f,821,6776
822_Unknown_Unknown_Kauai.jpg,822,Unknown,Unknown,Kauai,photos-6778-6778.jpg,678a2ec6-efbd-4ebb-8907-e27c06ccda5a,822,6778
823_Unknown_Unknown_Maui-Nui.jpg,823,Unknown,Unknown,Maui-Nui,photos-6782-6782.jpg,d5d0e0aa-38f4-454f-a741-d7b59af79a53,823,6782
824_Female_Unknown_Maui-Nui.jpg,824,Female,Unknown,Maui-Nui,photos-6785-6785.jpg,ba5947eb-f4e0-4e25-a4ae-1c61cb067384,824,6785
828_Female_Unknown_Oahu.jpg,828,Female,Unknown,Oahu,photos-6790-6790.jpg,170eaf8b-4571-4d53-a788-9f964a97aa5a,828,6790
829_Female_Adult_Oahu.jpg,829,Female,Adult,Oahu,photos-6793-6793.jpg,1c03e8ce-b108-43da-9cfa-7dd3ce7428ab,829,6793
831_Unknown_Unknown_Oahu.jpg,831,Unknown,Unknown,Oahu,photos-6797-6797.jpg,5efb1da8-e891-493a-a3ae-df303f470126,831,6797
835_Female_Unknown_Maui-Nui.jpg,835,Female,Unknown,Maui-Nui,photos-6800-6800.jpg,f576a1cf-837c-4856-8e55-803633ad445f,835,6800
837_Unknown_Unknown_Oahu.jpg,837,Unknown,Unknown,Oahu,photos-6802-6802.jpg,659be0ce-a4b8-4d05-8cc8-7e848076b5f5,837,6802
839_Male_Adult_Oahu.jpg,839,Male,Adult,Oahu,photos-6963-6963.jpg,68dd3bef-e9ab-4c47-a755-f435fe1953d5,839,6963
841_Female_Unknown_Oahu.jpg,841,Female,Unknown,Oahu,photos-6808-6808.jpg,723d3687-4274-4147-a835-7baca4496a87,841,6808
842_Male_Juvenile_Oahu.jpg,842,Male,Juvenile,Oahu,photos-6812-6812.jpg,f586499c-2a07-42a1-8b20-503441ea498b,842,6812
844_Male_Adult_Oahu.jpg,844,Male,Adult,Oahu,photos-6965-6965.jpg,778e465b-c1bf-427a-8aa9-d680bc111ca1,844,6965
847_Unknown_Unknown_Oahu.jpg,847,Unknown,Unknown,Oahu,photos-6835-6835.jpg,29d85510-f1fc-4699-af80-df9f5760698c,847,6835
848_Unknown_Unknown_Maui-Nui.jpg,848,Unknown,Unknown,Maui-Nui,photos-6837-6837.jpg,22cdf00e-a102-478e-bb7e-282dc7c53e6d,848,6837
851_Unknown_Unknown_Oahu.jpg,851,Unknown,Unknown,Oahu,photos-6949-6949.jpg,8b3cde8b-7931-42ef-a9be-da3e75392bfc,851,6949
852_Male_Adult_Oahu.jpg,852,Male,Adult,Oahu,photos-6967-6967.jpg,920fb384-eba3-4659-b3e3-1994becbbfe1,852,6967
853_Male_Adult_Oahu.jpg,853,Male,Adult,Oahu,photos-6973-6973.jpg,05915e7d-cd16-4a4d-87f1-7284985c9487,853,6973
854_Male_Unknown_Oahu.jpg,854,Male,Unknown,Oahu,photos-6977-6977.jpg,44ff38a6-2e96-45aa-b6fe-ae77f7a75f69,854,6977
855_Female_Unknown_Oahu.jpg,855,Female,Unknown,Oahu,photos-6978-6978.jpg,12355d67-6b35-46d0-8112-9ae49aaea0a0,855,6978
856_Female_Unknown_Oahu.jpg,856,Female,Unknown,Oahu,photos-6980-6980.jpg,8064db55-70a3-4c7d-a20f-aff69698436a,856,6980
857_Female_Unknown_Oahu.jpg,857,Female,Unknown,Oahu,photos-6984-6984.jpg,10cc78f7-8423-41c6-bc71-fe82af7f3dc1,857,6984
859_Male_Unknown_Oahu.jpg,859,Male,Unknown,Oahu,photos-6988-6988.jpg,5e3c7a9b-c5da-410e-981f-6b192c17aa0b,859,6988
860_Unknown_Unknown_Oahu.jpg,860,Unknown,Unknown,Oahu,photos-6990-6990.jpg,597558d6-7b22-421a-9cd8-12b4afd49dd8,860,6990
861_Male_Juvenile_Oahu.jpg,861,Male,Juvenile,Oahu,photos-6992-6992.jpg,b8fffabf-9633-4c35-930e-1bff859e4cb7,861,6992
864_Unknown_Unknown_Oahu.jpg,864,Unknown,Unknown,Oahu,photos-7010-7010.jpg,578d29dc-ab86-4bbc-9269-c1b4adfd2d1f,864,7010
865_Unknown_Unknown_Oahu.jpg,865,Unknown,Unknown,Oahu,photos-7016-7016.jpg,e87c7827-1371-403c-a5ff-926ed66f4621,865,7016
866_Female_Adult_Oahu.jpg,866,Female,Adult,Oahu,photos-7044-7044.jpg,8a9b6c45-2c64-4636-adc2-b12699346958,866,7044
867_unknown_unknown_Oahu.jpg,867,unknown,unknown,Oahu,photos-7034-7034.jpg,12c6ba11-9583-46c5-9d56-4b55458c756d,867,7034
868_Unknown_Unknown_Oahu.jpg,868,Unknown,Unknown,Oahu,photos-7031-7031.jpg,13f581f5-678d-4359-9913-2baacb12bf97,868,7031
869_Male_Unknown_Oahu.jpg,869,Male,Unknown,Oahu,photos-7038-7038.jpg,b4761416-5dcb-412b-8de5-9c0e23f839b6,869,7038
871_Male_Juvenile_Oahu.jpg,871,Male,Juvenile,Oahu,photos-7040-7040.jpg,963f2b1e-9346-4880-b0d4-28ff3a35642e,871,7040
876_Male_Juvenile_Oahu.jpg,876,Male,Juvenile,Oahu,photos-7098-7098.jpg,0e68e80a-04f8-41d6-ba34-1f89a34e9ef9,876,7098
878_Female_Unknown_Maui-Nui.jpg,878,Female,Unknown,Maui-Nui,photos-7103-7103.jpg,c6616948-6929-4f83-886a-71b8b7dd38c8,878,7103
879_Male_Juvenile_Oahu.jpg,879,Male,Juvenile,Oahu,photos-7146-7146.jpg,c2846d67-5451-4ae5-a4e8-0875292c7896,879,7146
880_Female_Adult_Oahu.jpg,880,Female,Adult,Oahu,photos-7151-7151.jpg,5a659e09-74eb-4e1b-ae89-f401161d79f6,880,7151
881_Male_Adult_Oahu.jpg,881,Male,Adult,Oahu,photos-7154-7154.jpg,26a9e172-316b-42b8-9e62-2d42583a8781,881,7154
883_Female_Unknown_Oahu.jpg,883,Female,Unknown,Oahu,photos-7207-7207.jpg,5011baae-4329-4f94-9c7c-fac0ffd185a2,883,7207
884_Female_Unknown_unknown.jpg,884,Female,Unknown,unknown,photos-7214-7214.jpg,e0726549-b601-48e8-a5dd-5d9e7408416f,884,7214
885_Male_Juvenile_Oahu.jpg,885,Male,Juvenile,Oahu,photos-7216-7216.jpg,d5ecd9ad-41f6-4389-9f40-6908c0fd7ba0,885,7216
886_Male_Juvenile_Oahu.jpg,886,Male,Juvenile,Oahu,photos-7218-7218.jpg,7167ab29-15ad-4d4f-97b4-8eb6b9b2f851,886,7218
887_Unknown_Unknown_Oahu.jpg,887,Unknown,Unknown,Oahu,photos-7235-7235.jpg,a81e2c85-5251-47b2-9e34-61599680162e,887,7235
888_Female_Unknown_Oahu.jpg,888,Female,Unknown,Oahu,photos-7238-7238.jpg,e0604de6-56db-4868-bc44-364635a4b972,888,7238
889_Female_Unknown_Oahu.jpg,889,Female,Unknown,Oahu,photos-7239-7239.jpg,f239acee-5316-48c8-806a-61588aa0997e,889,7239
890_Unknown_Unknown_Oahu.jpg,890,Unknown,Unknown,Oahu,photos-7240-7240.jpg,752fe091-9986-41b0-a68d-c2cb2cd19bef,890,7240
891_Unknown_Unknown_Oahu.jpg,891,Unknown,Unknown,Oahu,photos-7244-7244.jpg,2fb38562-d2b5-4f28-8e32-0e2baea80332,891,7244
892_Male_Adult_Oahu.jpg,892,Male,Adult,Oahu,photos-7255-7255.jpg,68d9c374-d0bf-4827-85b6-d5b212f540f0,892,7255
896_Male_Adult_Maui-Nui.jpg,896,Male,Adult,Maui-Nui,photos-7353-7353.jpg,4b6b9faa-f789-43af-ac68-f485da74f43b,896,7353
897_Female_Unknown_Maui-Nui.jpg,897,Female,Unknown,Maui-Nui,photos-7354-7354.jpg,97e26984-63be-4340-b98f-28ca055bf6d6,897,7354
899_unknown_unknown_Oahu.jpg,899,unknown,unknown,Oahu,photos-7361-7361.jpg,5d8da4d4-0e14-4bb7-a2ec-fcf3b69d1bd4,899,7361
900_unknown_unknown_Oahu.jpg,900,unknown,unknown,Oahu,photos-7362-7362.jpg,25b76cc8-d041-4eb0-a3ae-d06c76e65bfc,900,7362
904_Male_Adult_Oahu.jpg,904,Male,Adult,Oahu,photos-7412-7412.jpg,f2626b65-9dd5-496b-9d31-7f1d6c36d92d,904,7412
905_Male_Adult_Oahu.jpg,905,Male,Adult,Oahu,photos-7417-7417.jpg,59cbba1a-efcb-468b-b743-4aae22ccbfe3,905,7417
908_Unknown_Unknown_Oahu.jpg,908,Unknown,Unknown,Oahu,photos-7429-7429.jpg,747f6347-0e1f-4eb3-a465-78c46365dc9d,908,7429
909_Unknown_Unknown_Kauai.jpg,909,Unknown,Unknown,Kauai,photos-7431-7431.jpg,7d91c9c8-908b-44fa-9df7-0f9006065213,909,7431
910_Unknown_Unknown_Oahu.jpg,910,Unknown,Unknown,Oahu,photos-7448-7448.jpg,58dcc102-95cd-4859-bd0e-fcf5247a90af,910,7448
3_Female_Unknown_Maui-Nui.jpg,3,Female,Unknown,Maui-Nui,photos-6213-6213.jpg,df245f5b-0490-4398-9eca-7c4d1079c5f8,3,6213
5_Female_Adult_Maui-Nui.jpg,5,Female,Adult,Maui-Nui,photos-6268-6268.jpg,a43be1ac-59b4-4e6a-bf26-90e245d571ea,5,6268
8_Female_Adult_Maui-Nui.jpg,8,Female,Adult,Maui-Nui,photos-6343-6343.jpg,52309981-10bc-4ebf-a269-3e414b2ea44c,8,6343
9_Female_Unknown_Maui-Nui.jpg,9,Female,Unknown,Maui-Nui,photos-6294-6294.jpg,9a284d04-3189-4c0d-8390-0801020ba4d2,9,6294
11_Male_Adult_Maui-Nui.jpg,11,Male,Adult,Maui-Nui,photos-6189-6189.jpg,a38b23e2-59bb-49f9-b711-7392d8aa7e9c,11,6189
14_Male_Adult_Maui-Nui.jpg,14,Male,Adult,Maui-Nui,photos-6187-6187.jpg,b971affb-5f70-4fde-b04d-f253575b5dbc,14,6187
16_Female_Adult_Maui-Nui.jpg,16,Female,Adult,Maui-Nui,photos-6333-6333.jpg,308a8bee-c770-45b1-8480-2e4119bf6847,16,6333
20_Female_Unknown_Maui-Nui.jpg,20,Female,Unknown,Maui-Nui,photos-6303-6303.jpg,a5f94446-7bc8-41f8-a67c-9dca266fe8c1,20,6303
25_Male_Adult_Maui-Nui.jpg,25,Male,Adult,Maui-Nui,photos-6154-6154.jpg,3d37fc0d-e4a1-4db9-9665-5c0881aed408,25,6154
28_Male_Adult_Maui-Nui.jpg,28,Male,Adult,Maui-Nui,photos-6006-6006.jpg,bd4ae904-e43d-4e28-9d85-4e9a8d28b016,28,6006
31_Female_Unknown_Maui-Nui.jpg,31,Female,Unknown,Maui-Nui,photos-6290-6290.jpg,26e0c075-c973-4295-a47a-826eba885866,31,6290
32_Female_unknown_Maui-Nui.jpg,32,Female,unknown,Maui-Nui,photos-6242-6242.jpg,cf1f0e50-bef4-4af8-8fcf-100949463d1f,32,6242
33_Male_Adult_Maui-Nui.jpg,33,Male,Adult,Maui-Nui,photos-6024-6024.jpg,82aa16bf-a959-4dfa-a923-157ddbc7240d,33,6024
35_Male_Adult_Maui-Nui.jpg,35,Male,Adult,Maui-Nui,photos-6180-6180.jpg,4e7e8e3b-da6a-4b40-9eb9-2186f5bf7337,35,6180
38_Female_Unknown_Maui-Nui.jpg,38,Female,Unknown,Maui-Nui,photos-6354-6354.jpg,322a7805-b2bb-4576-b432-00615bf1c847,38,6354
39_Female_unknown_Maui-Nui.jpg,39,Female,unknown,Maui-Nui,photos-6266-6266.jpg,c14502af-0b88-4955-8370-2ad0a55b4c0a,39,6266
41_Male_Adult_Maui-Nui.jpg,41,Male,Adult,Maui-Nui,photos-6165-6165.jpg,3eda22fd-af97-4080-8ef0-ed0cbc35c510,41,6165
47_Male_Adult_Maui-Nui.jpg,47,Male,Adult,Maui-Nui,photos-6157-6157.jpg,3e4a7112-beb8-4a01-8642-e74f0b0a2314,47,6157
50_Female_Unknown_Maui-Nui.jpg,50,Female,Unknown,Maui-Nui,photos-6225-6225.jpg,64131705-ae19-4142-958e-510e51a14ec0,50,6225
52_Male_Juvenile_Maui-Nui.jpg,52,Male,Juvenile,Maui-Nui,photos-6170-6170.jpg,cd499b68-0ab3-4e21-894c-4fafb0e7a9eb,52,6170
55_Female_Unknown_Maui-Nui.jpg,55,Female,Unknown,Maui-Nui,photos-6320-6320.jpg,c7faa9d0-fa5a-44dd-9f25-cd4d59a254b8,55,6320
56_Female_unknown_Maui-Nui.jpg,56,Female,unknown,Maui-Nui,photos-6271-6271.jpg,86d7c259-8561-4686-8848-228ed78dc738,56,6271
57_Male_Adult_Maui-Nui.jpg,57,Male,Adult,Maui-Nui,photos-6023-6023.jpg,ae9f0df1-baee-4ea7-bb01-f320e160efec,57,6023
59_Male_Adult_Maui-Nui.jpg,59,Male,Adult,Maui-Nui,photos-6000-6000.jpg,3d7e41ab-2841-4396-b007-e5d266860a61,59,6000
61_Male_Adult_Maui-Nui.jpg,61,Male,Adult,Maui-Nui,photos-6182-6182.jpg,d53a5203-2722-4b61-8fde-7cfcc4066cb3,61,6182
62_Female_Unknown_Maui-Nui.jpg,62,Female,Unknown,Maui-Nui,photos-6243-6243.jpg,1517d776-880f-4969-81d5-d23a4df35ea9,62,6243
63_Male_Adult_Maui-Nui.jpg,63,Male,Adult,Maui-Nui,photos-6399-6399.jpg,893fc72e-f88a-4cdf-8856-652e49d012c7,63,6399
64_Male_Adult_Maui-Nui.jpg,64,Male,Adult,Maui-Nui,photos-6193-6193.jpg,fe9bb837-91cf-4f07-9b9d-5c88803cdd57,64,6193
65_Unknown_Unknown_Maui-Nui.jpg,65,Unknown,Unknown,Maui-Nui,photos-6208-6208.jpg,f1c85f19-126b-4f48-af34-523deac5b8f0,65,6208
66_Male_Adult_Maui-Nui.jpg,66,Male,Adult,Maui-Nui,photos-6197-6197.jpg,888f5c9f-c185-47fd-a2bd-8f028d2dde66,66,6197
68_Male_Adult_Maui-Nui.jpg,68,Male,Adult,Maui-Nui,photos-6029-6029.jpg,884d1e23-2702-4f35-8312-919dfba8dab2,68,6029
70_Male_Adult_Maui-Nui.jpg,70,Male,Adult,Maui-Nui,photos-6178-6178.jpg,c22f7ecc-3eee-4657-b1ea-ba01771fdaa4,70,6178
72_Male_Adult_Maui-Nui.jpg,72,Male,Adult,Maui-Nui,photos-6011-6011.jpg,93ee8239-08cb-4ce4-a49b-908a341f63ec,72,6011
76_Female_Unknown_Maui-Nui.jpg,76,Female,Unknown,Maui-Nui,photos-6340-6340.jpg,3a96c8f6-7282-4317-adf2-0cf3996c474e,76,6340
78_Female_unknown_Maui-Nui.jpg,78,Female,unknown,Maui-Nui,photos-6220-6220.jpg,a0e21568-26b4-4660-bf53-6bd8a7b9a049,78,6220
79_Male_Juvenile_Maui-Nui.jpg,79,Male,Juvenile,Maui-Nui,photos-6167-6167.jpg,fb205a5b-e71c-4a0d-b82f-72b96d5bd194,79,6167
81_Male_Adult_Maui-Nui.jpg,81,Male,Adult,Maui-Nui,photos-6022-6022.jpg,9f62e5d8-7770-4723-9838-58141d3091f8,81,6022
83_Male_Adult_Maui-Nui.jpg,83,Male,Adult,Maui-Nui,photos-6192-6192.jpg,e28c8011-b1ef-47e2-964a-5c7d28b37f62,83,6192
86_Male_Juvenile_Maui-Nui.jpg,86,Male,Juvenile,Maui-Nui,photos-6159-6159.jpg,74ca0e82-d231-4715-9c19-88e6b2c077a3,86,6159
89_Male_Adult_Maui-Nui.jpg,89,Male,Adult,Maui-Nui,photos-6144-6144.jpg,252eda1f-a8c0-4035-8a94-ac5775369d18,89,6144
93_Male_Adult_Maui-Nui.jpg,93,Male,Adult,Maui-Nui,photos-6184-6184.jpg,05375a29-3b40-44ba-908c-5825fc3df820,93,6184
94_Male_Adult_Maui-Nui.jpg,94,Male,Adult,Maui-Nui,photos-6162-6162.jpg,0adf46d5-9254-48f3-b973-cea878cdedf1,94,6162
97_Male_Adult_Maui-Nui.jpg,97,Male,Adult,Maui-Nui,photos-6058-6058.jpg,bfd6d3f9-5466-425b-8e19-f98d249c0fb8,97,6058
98_Male_Adult_Maui-Nui.jpg,98,Male,Adult,Maui-Nui,photos-6122-6122.jpg,be6380e4-15ad-469a-bb69-d517f0dded12,98,6122
99_Male_Adult_Maui-Nui.jpg,99,Male,Adult,Maui-Nui,photos-6054-6054.jpg,3ac1b286-9f97-42b0-ab6a-bef96886a8d3,99,6054
101_Female_Adult_Maui-Nui.jpg,101,Female,Adult,Maui-Nui,photos-6358-6358.jpg,1b4562d7-b231-484a-afa0-fe802a0311b5,101,6358
102_Female_unknown_Maui-Nui.jpg,102,Female,unknown,Maui-Nui,photos-6382-6382.jpg,5a18ad6a-ede7-4142-b147-54a62fdf1e7a,102,6382
103_Male_Adult_Maui-Nui.jpg,103,Male,Adult,Maui-Nui,photos-6055-6055.jpg,ddfe8aad-2306-4f36-aa22-fbb068692cca,103,6055
104_Male_Adult_Maui-Nui.jpg,104,Male,Adult,Maui-Nui,photos-6005-6005.jpg,7c778e59-2e0c-4cff-bbaf-2c8c5262ed10,104,6005
105_Male_Adult_Maui-Nui.jpg,105,Male,Adult,Maui-Nui,photos-6017-6017.jpg,42329166-065c-43da-8c11-f924c4c8cd69,105,6017
108_Female_unknown_Maui-Nui.jpg,108,Female,unknown,Maui-Nui,photos-6304-6304.jpg,3370a12f-7371-4797-b40c-95afd6e51cc0,108,6304
109_Female_Adult_Maui-Nui.jpg,109,Female,Adult,Maui-Nui,photos-6298-6298.jpg,1ba0ebd0-9651-40e8-965f-f7a816191f62,109,6298
110_Female_Adult_Maui-Nui.jpg,110,Female,Adult,Maui-Nui,photos-6396-6396.jpg,06cf3e32-300e-4624-a85e-96605216efa7,110,6396
112_Male_Adult_Maui-Nui.jpg,112,Male,Adult,Maui-Nui,photos-6052-6052.jpg,017cd4fc-94ef-4850-9b4a-1d8932fd61b4,112,6052
114_Male_Adult_Maui-Nui.jpg,114,Male,Adult,Maui-Nui,photos-6096-6096.jpg,d40ac768-4d3d-4caa-869b-d695c974c982,114,6096
115_Female_Unknown_Maui-Nui.jpg,115,Female,Unknown,Maui-Nui,photos-6227-6227.jpg,4551fe90-59ef-45dc-b8a8-248d0c7dadb4,115,6227
117_Male_Adult_Maui-Nui.jpg,117,Male,Adult,Maui-Nui,photos-6179-6179.jpg,59e67d6c-4315-4abe-9287-ac3902678d74,117,6179
118_Female_unknown_Maui-Nui.jpg,118,Female,unknown,Maui-Nui,photos-6367-6367.jpg,f295ecf8-e1b3-4cae-ac07-b4eb6613ce0b,118,6367
119_Male_Adult_Maui-Nui.jpg,119,Male,Adult,Maui-Nui,photos-6043-6043.jpg,fde4258d-9e11-4758-922f-46f3b27e8e48,119,6043
121_Female_unknown_Maui-Nui.jpg,121,Female,unknown,Maui-Nui,photos-6223-6223.jpg,a8680f20-0660-465d-ac16-db8e958426f1,121,6223
122_Female_unknown_Maui-Nui.jpg,122,Female,unknown,Maui-Nui,photos-6253-6253.jpg,fa5592ba-6167-4df5-ae7a-c711224f5c2c,122,6253
123_Female_Unknown_Maui-Nui.jpg,123,Female,Unknown,Maui-Nui,photos-6256-6256.jpg,2025ba19-3b35-4016-be14-cd2e9f5ddbce,123,6256
127_Female_Unknown_Maui-Nui.jpg,127,Female,Unknown,Maui-Nui,photos-6308-6308.jpg,eec905bd-7003-4d30-adc9-e233c9c395cd,127,6308
129_Female_Unknown_Maui-Nui.jpg,129,Female,Unknown,Maui-Nui,photos-6330-6330.jpg,216cc378-bcb4-4c5f-a03c-66bee57940d5,129,6330
130_Male_Adult_Maui-Nui.jpg,130,Male,Adult,Maui-Nui,photos-6168-6168.jpg,cf69e26e-9bdc-40ab-b5ba-e939c5ced08d,130,6168
131_Male_Adult_Maui-Nui.jpg,131,Male,Adult,Maui-Nui,photos-6181-6181.jpg,640ba3cc-4585-46b8-a6ee-395efbeba070,131,6181
132_Male_unknown_Maui-Nui.jpg,132,Male,unknown,Maui-Nui,photos-6071-6071.jpg,4f04f8ac-4f15-4779-af05-c5118edfa162,132,6071
133_Male_Juvenile_Maui-Nui.jpg,133,Male,Juvenile,Maui-Nui,photos-6094-6094.jpg,8fd004dc-46af-4efe-95aa-4bacf5c959ec,133,6094
135_Female_unknown_Maui-Nui.jpg,135,Female,unknown,Maui-Nui,photos-6210-6210.jpg,f444d1be-cc71-4ffb-80fe-c6446e4f6612,135,6210
136_Male_Adult_Maui-Nui.jpg,136,Male,Adult,Maui-Nui,photos-6195-6195.jpg,68138b52-8311-479d-a435-d8e67bd5e430,136,6195
138_Male_Adult_Maui-Nui.jpg,138,Male,Adult,Maui-Nui,photos-6042-6042.jpg,87474702-ec56-4a95-8acb-5c99983efeaf,138,6042
139_Male_Adult_Maui-Nui.jpg,139,Male,Adult,Maui-Nui,photos-6200-6200.jpg,5bce83db-7591-4157-9c62-e6a2bf835099,139,6200
140_Male_Adult_Maui-Nui.jpg,140,Male,Adult,Maui-Nui,photos-6031-6031.jpg,907cf488-f044-413f-8b6b-fffaaff825fb,140,6031
141_Female_Unknown_Maui-Nui.jpg,141,Female,Unknown,Maui-Nui,photos-6329-6329.jpg,55b6c479-cc1a-4ab1-a53f-0c8b779a9490,141,6329
143_Female_Unknown_Maui-Nui.jpg,143,Female,Unknown,Maui-Nui,photos-6338-6338.jpg,09d77772-372c-47d2-a0ee-a2cb41a3a795,143,6338
144_Female_unknown_Maui-Nui.jpg,144,Female,unknown,Maui-Nui,photos-6251-6251.jpg,b81fa283-b146-4644-bb3a-0552f031beac,144,6251
149_Female_unknown_Maui-Nui.jpg,149,Female,unknown,Maui-Nui,photos-6240-6240.jpg,264c07ac-c15d-4bd3-9ae5-eb75faed5dab,149,6240
150_Female_Unknown_Maui-Nui.jpg,150,Female,Unknown,Maui-Nui,photos-6219-6219.jpg,4b1bb6d1-3769-4b96-aa46-40c6c3581620,150,6219
153_Female_unknown_Maui-Nui.jpg,153,Female,unknown,Maui-Nui,photos-6336-6336.jpg,72f708fd-b646-443c-a4a4-fe3cc0c4dd98,153,6336
155_Male_Adult_Maui-Nui.jpg,155,Male,Adult,Maui-Nui,photos-6153-6153.jpg,90f1c9f0-8255-4c00-8347-d68d4417efaf,155,6153
156_Male_Adult_Maui-Nui.jpg,156,Male,Adult,Maui-Nui,photos-6145-6145.jpg,0bebbac3-d0f3-4e80-b8fc-b41acfd90b40,156,6145
158_Male_unknown_Maui-Nui.jpg,158,Male,unknown,Maui-Nui,photos-6146-6146.jpg,b415ab63-25cc-47cb-a9d7-3059f9cf6187,158,6146
159_Male_Juvenile_Maui-Nui.jpg,159,Male,Juvenile,Maui-Nui,photos-6117-6117.jpg,e0adb782-244b-44bb-baa6-7bc1d844d550,159,6117
161_Male_Transition_Maui-Nui.jpg,161,Male,Transition,Maui-Nui,photos-6149-6149.jpg,d4a03222-4f99-461b-a9f9-904a131a64be,161,6149
162_Male_Adult_Maui-Nui.jpg,162,Male,Adult,Maui-Nui,photos-6095-6095.jpg,8654fda4-897d-4592-9d06-c1113897e786,162,6095
163_Female_Unknown_Maui-Nui.jpg,163,Female,Unknown,Maui-Nui,photos-6269-6269.jpg,4ea65995-4986-46c5-9fb4-aafbb07f8cf7,163,6269
164_Male_Adult_Maui-Nui.jpg,164,Male,Adult,Maui-Nui,photos-6007-6007.jpg,0eb0132e-6a36-4715-a22d-2c63292d3e1a,164,6007
165_Male_Adult_Maui-Nui.jpg,165,Male,Adult,Maui-Nui,photos-6106-6106.jpg,acfa2efb-d709-40be-a3c3-af795e613cf1,165,6106
166_Male_Transition_Maui-Nui.jpg,166,Male,Transition,Maui-Nui,photos-6079-6079.jpg,4cd1d335-1a1d-4917-a38e-12028dd25bf4,166,6079
167_Male_Adult_Maui-Nui.jpg,167,Male,Adult,Maui-Nui,photos-6111-6111.jpg,eb9dfec6-b236-465d-83c9-f3e35e3f4192,167,6111
168_Female_Unknown_Maui-Nui.jpg,168,Female,Unknown,Maui-Nui,photos-6224-6224.jpg,867f8cb7-a2e3-4450-9529-092dfa1d2315,168,6224
169_Female_Adult_Maui-Nui.jpg,169,Female,Adult,Maui-Nui,photos-6327-6327.jpg,d15d333c-e1af-41fe-b88a-f960cd89ac39,169,6327
170_Female_unknown_Maui-Nui.jpg,170,Female,unknown,Maui-Nui,photos-6306-6306.jpg,39d9ad96-c676-48c1-bf0b-fe0cdb9cdfd1,170,6306
172_Male_Transition_Maui-Nui.jpg,172,Male,Transition,Maui-Nui,photos-6065-6065.jpg,10b31667-2d19-4645-bb33-1998283364bd,172,6065
173_Male_Adult_Maui-Nui.jpg,173,Male,Adult,Maui-Nui,photos-6032-6032.jpg,ba259df0-488e-4f1a-b337-7c7150268c3d,173,6032
174_Female_Unknown_Maui-Nui.jpg,174,Female,Unknown,Maui-Nui,photos-6257-6257.jpg,1cd4eb7c-eb7e-462c-b8a3-8cba2f4d362c,174,6257
175_unknown_unknown_Maui-Nui.jpg,175,unknown,unknown,Maui-Nui,photos-6317-6317.jpg,c69217b7-11a9-4a31-8b9b-899becf416d9,175,6317
176_Female_unknown_Maui-Nui.jpg,176,Female,unknown,Maui-Nui,photos-6276-6276.jpg,6ca5e37b-2fa1-4c3c-8af0-c4b8f3480230,176,6276
177_Male_unknown_Maui-Nui.jpg,177,Male,unknown,Maui-Nui,photos-6158-6158.jpg,65c7e4be-2925-4512-855a-3b3c26d07362,177,6158
178_Male_Adult_Maui-Nui.jpg,178,Male,Adult,Maui-Nui,photos-6038-6038.jpg,a174f59d-ce6c-4d8f-b9f4-6719237aa079,178,6038
179_Male_Adult_Maui-Nui.jpg,179,Male,Adult,Maui-Nui,photos-6194-6194.jpg,d7c0ad96-ed3b-484c-991d-7d21a3b2ca5f,179,6194
180_Female_Adult_Maui-Nui.jpg,180,Female,Adult,Maui-Nui,photos-6265-6265.jpg,c16ac15a-eaf5-4957-b7b7-37e054b24c1c,180,6265
181_Male_Adult_Maui-Nui.jpg,181,Male,Adult,Maui-Nui,photos-6175-6175.jpg,0cb31cf8-3142-4b7e-8286-ede3d8c49ad6,181,6175
182_Male_Adult_Maui-Nui.jpg,182,Male,Adult,Maui-Nui,photos-6190-6190.jpg,50b8c459-b46e-479f-b776-c195b5fefa65,182,6190
183_Female_Unknown_Maui-Nui.jpg,183,Female,Unknown,Maui-Nui,photos-6357-6357.jpg,b0387c07-accb-4e6e-8293-335e43c5ed9e,183,6357
184_Female_Unknown_Maui-Nui.jpg,184,Female,Unknown,Maui-Nui,photos-6161-6161.jpg,0b3ac85d-b611-4d32-bfea-e9bda8fab5c1,184,6161
185_Female_Adult_Maui-Nui.jpg,185,Female,Adult,Maui-Nui,photos-6328-6328.jpg,f2519b7d-63f5-41c2-9129-b435701832ac,185,6328
186_Male_Adult_Maui-Nui.jpg,186,Male,Adult,Maui-Nui,photos-6196-6196.jpg,ae2a7fd9-491b-41f4-8579-0cac4993332e,186,6196
187_Male_Adult_Maui-Nui.jpg,187,Male,Adult,Maui-Nui,photos-6176-6176.jpg,194775f6-e598-449c-bdd6-ac31dc542c0e,187,6176
188_Male_Juvenile_Maui-Nui.jpg,188,Male,Juvenile,Maui-Nui,photos-6134-6134.jpg,e5a3a79f-a62d-4b54-b5d0-ca178fb18345,188,6134
189_Female_Unknown_Maui-Nui.jpg,189,Female,Unknown,Maui-Nui,photos-6323-6323.jpg,5678b91a-0d19-4900-bd6f-5c1d4eff64d2,189,6323
191_Male_Adult_Maui-Nui.jpg,191,Male,Adult,Maui-Nui,photos-6163-6163.jpg,e469c40e-3509-4466-816f-52fd84a9f8f6,191,6163
192_Female_Unknown_Maui-Nui.jpg,192,Female,Unknown,Maui-Nui,photos-6313-6313.jpg,2dd1c89e-43fb-4cb2-88e2-f3cbc2fb40c1,192,6313
193_Male_Adult_Maui-Nui.jpg,193,Male,Adult,Maui-Nui,photos-6025-6025.jpg,b4954a70-98f1-409b-bc0d-89512fe1dd77,193,6025
194_Male_Adult_Maui-Nui.jpg,194,Male,Adult,Maui-Nui,photos-6151-6151.jpg,c630e301-6dae-43b0-b2e1-3aa6dd4f6693,194,6151
195_Female_Adult_Maui-Nui.jpg,195,Female,Adult,Maui-Nui,photos-6234-6234.jpg,5105ca42-e3fa-4574-ad05-c5d6e61c19bb,195,6234
196_Male_Juvenile_Maui-Nui.jpg,196,Male,Juvenile,Maui-Nui,photos-6121-6121.jpg,75839579-6016-4dbf-93f1-0de0ccdf9e17,196,6121
197_Female_unknown_Maui-Nui.jpg,197,Female,unknown,Maui-Nui,photos-6281-6281.jpg,be809536-a052-49e3-882a-b802fd41aa66,197,6281
198_Male_Juvenile_Maui-Nui.jpg,198,Male,Juvenile,Maui-Nui,photos-6046-6046.jpg,f08d0482-0bbb-433a-bc15-502aa75790aa,198,6046
199_Male_Adult_Maui-Nui.jpg,199,Male,Adult,Maui-Nui,photos-6067-6067.jpg,ca3cfbe0-d714-4524-bccc-a8b6bb319647,199,6067
201_Female_Unknown_Maui-Nui.jpg,201,Female,Unknown,Maui-Nui,photos-6248-6248.jpg,f54b04d9-3b87-4384-8d9c-e0ee70065bfa,201,6248
202_Female_unknown_Maui-Nui.jpg,202,Female,unknown,Maui-Nui,photos-6384-6384.jpg,9fb33b92-fc68-4f01-b71b-c5f3a96c9093,202,6384
203_Female_Unknown_Maui-Nui.jpg,203,Female,Unknown,Maui-Nui,photos-6383-6383.jpg,ab178107-b703-49ff-86e3-6c2b95f0c8d6,203,6383
204_Female_Unknown_Maui-Nui.jpg,204,Female,Unknown,Maui-Nui,photos-6272-6272.jpg,58f4f2d3-662c-4d89-9332-793f8a17c66d,204,6272
205_Female_Unknown_Maui-Nui.jpg,205,Female,Unknown,Maui-Nui,photos-6331-6331.jpg,63931973-3210-45bf-bcb8-00595bbc07e3,205,6331
208_Female_Unknown_Maui-Nui.jpg,208,Female,Unknown,Maui-Nui,photos-6273-6273.jpg,8c462be8-1ef7-4ef1-8d26-01508fc4e190,208,6273
209_Male_Adult_Maui-Nui.jpg,209,Male,Adult,Maui-Nui,photos-6147-6147.jpg,1f4ac704-bc61-4843-ae70-dcb22ba753e6,209,6147
211_Male_Juvenile_Maui-Nui.jpg,211,Male,Juvenile,Maui-Nui,photos-6009-6009.jpg,ccb73d8b-489f-4cc0-b7e2-4f7f235884be,211,6009
212_Male_Juvenile_Maui-Nui.jpg,212,Male,Juvenile,Maui-Nui,photos-6142-6142.jpg,b7e1d8fd-f5a8-4ef2-85a5-cf82a1735135,212,6142
213_Female_Adult_Maui-Nui.jpg,213,Female,Adult,Maui-Nui,photos-6393-6393.jpg,0a059a08-3873-4264-beae-b4665c6e0754,213,6393
214_Male_Adult_Maui-Nui.jpg,214,Male,Adult,Maui-Nui,photos-6198-6198.jpg,832d7811-4ad1-491f-b55e-a61b195fd7f6,214,6198
216_Female_unknown_Maui-Nui.jpg,216,Female,unknown,Maui-Nui,photos-6283-6283.jpg,d723f455-ba45-408a-9fde-5d1b46639eb5,216,6283
217_Female_Unknown_Maui-Nui.jpg,217,Female,Unknown,Maui-Nui,photos-6359-6359.jpg,fdd88bc0-8b01-4fd0-bcf1-1844caba4adf,217,6359
218_Male_Adult_Maui-Nui.jpg,218,Male,Adult,Maui-Nui,photos-6140-6140.jpg,3390a2ef-51c7-408b-81a5-a9901dd7ffc5,218,6140
219_Male_Adult_Maui-Nui.jpg,219,Male,Adult,Maui-Nui,photos-6028-6028.jpg,bed9b3eb-934a-4289-9ff6-b53871af9cc6,219,6028
220_Female_unknown_Maui-Nui.jpg,220,Female,unknown,Maui-Nui,photos-6388-6388.jpg,71ac0374-3f2c-4d65-8ac7-a2c214f0119c,220,6388
221_Female_Unknown_Maui-Nui.jpg,221,Female,Unknown,Maui-Nui,photos-6324-6324.jpg,32687abf-ae67-4bcc-865e-e25f7a446405,221,6324
223_Male_Adult_Maui-Nui.jpg,223,Male,Adult,Maui-Nui,photos-6040-6040.jpg,6d3a09b6-b604-4a50-9832-1633d835a697,223,6040
224_Male_unknown_Maui-Nui.jpg,224,Male,unknown,Maui-Nui,photos-6103-6103.jpg,9288c8a8-e1bd-43d0-8679-aeb2a547b350,224,6103
226_Female_unknown_Maui-Nui.jpg,226,Female,unknown,Maui-Nui,photos-6247-6247.jpg,7881ede8-5db0-45ad-804e-bcf7260f2266,226,6247
228_Female_unknown_Maui-Nui.jpg,228,Female,unknown,Maui-Nui,photos-6377-6377.jpg,a70bf65d-b47d-4e4f-85a0-e56f5970779e,228,6377
229_Female_Adult_Maui-Nui.jpg,229,Female,Adult,Maui-Nui,photos-6286-6286.jpg,97b0bde5-2dc1-4ec2-a19b-090e4dd25ed0,229,6286
230_Female_unknown_Maui-Nui.jpg,230,Female,unknown,Maui-Nui,photos-6395-6395.jpg,d76f6dca-808b-4c8c-9f10-79fc8ff9dd29,230,6395
231_Female_Adult_Maui-Nui.jpg,231,Female,Adult,Maui-Nui,photos-6258-6258.jpg,670f4497-3f69-4209-8bcf-c24f3ed57418,231,6258
232_Female_unknown_Maui-Nui.jpg,232,Female,unknown,Maui-Nui,photos-6293-6293.jpg,ccc16204-f657-47e9-90a8-645864a51ded,232,6293
233_Female_Unknown_Maui-Nui.jpg,233,Female,Unknown,Maui-Nui,photos-6254-6254.jpg,431ae8f1-8027-417f-9fe1-8de346ffe8fd,233,6254
234_Male_Transition_Maui-Nui.jpg,234,Male,Transition,Maui-Nui,photos-6051-6051.jpg,17e15e6b-6610-4221-9da1-fd7a2dc90554,234,6051
235_Female_Adult_Maui-Nui.jpg,235,Female,Adult,Maui-Nui,photos-6230-6230.jpg,d840920a-3526-4754-b4a0-1d5b3a5e5a2b,235,6230
236_Male_Transition_Maui-Nui.jpg,236,Male,Transition,Maui-Nui,photos-6018-6018.jpg,30e228c2-2589-421d-881c-6e2e8b746318,236,6018
237_Female_unknown_Maui-Nui.jpg,237,Female,unknown,Maui-Nui,photos-6278-6278.jpg,e1e24fbd-a5d9-4281-97fd-96f98da6c62c,237,6278
239_Male_Adult_Maui-Nui.jpg,239,Male,Adult,Maui-Nui,photos-6143-6143.jpg,5a0a6305-a0ef-4c02-9151-2d3bbbc04a49,239,6143
241_Female_unknown_Maui-Nui.jpg,241,Female,unknown,Maui-Nui,photos-6390-6390.jpg,3a8e2c32-0542-4d40-9fde-72185b96f8ba,241,6390
242_Male_Adult_Maui-Nui.jpg,242,Male,Adult,Maui-Nui,photos-6172-6172.jpg,a60a4f9a-f279-4323-a703-f0ff437770c7,242,6172
243_Female_Adult_Maui-Nui.jpg,243,Female,Adult,Maui-Nui,photos-6245-6245.jpg,d358fae1-2af1-47ad-9378-f3ff9c0b2644,243,6245
244_Male_Adult_Maui-Nui.jpg,244,Male,Adult,Maui-Nui,photos-6129-6129.jpg,0af90137-f269-498d-823e-a5da28989e96,244,6129
245_Male_Adult_Maui-Nui.jpg,245,Male,Adult,Maui-Nui,photos-6186-6186.jpg,aa93165e-5de9-4f03-9d6b-ebb74636a0a4,245,6186
246_Male_Juvenile_Maui-Nui.jpg,246,Male,Juvenile,Maui-Nui,photos-6126-6126.jpg,0def4629-2565-4991-8200-f993a1157420,246,6126
247_Unknown_Unknown_Maui-Nui.jpg,247,Unknown,Unknown,Maui-Nui,photos-6204-6204.jpg,c12a6803-e912-4db3-b632-d935a519c54a,247,6204
250_Male_Adult_Maui-Nui.jpg,250,Male,Adult,Maui-Nui,photos-6125-6125.jpg,c30645f9-4b5e-4c16-a511-f49d83adcba8,250,6125
251_Female_Unknown_Maui-Nui.jpg,251,Female,Unknown,Maui-Nui,photos-6233-6233.jpg,e748b690-a61a-4b9a-abf7-65037bcff8f3,251,6233
252_Female_Adult_Maui-Nui.jpg,252,Female,Adult,Maui-Nui,photos-6319-6319.jpg,b22bfaad-299d-4404-aabd-dd1dd3e837fa,252,6319
253_Female_Adult_Maui-Nui.jpg,253,Female,Adult,Maui-Nui,photos-6229-6229.jpg,d4758d26-f892-427a-a6fd-87431d79168a,253,6229
254_Female_Unknown_Maui-Nui.jpg,254,Female,Unknown,Maui-Nui,photos-6279-6279.jpg,6f483722-1307-48da-8a02-38cd8fb750f1,254,6279
255_Female_unknown_Maui-Nui.jpg,255,Female,unknown,Maui-Nui,photos-6372-6372.jpg,8a1e3948-0ced-4606-a956-89ef1eba7a6a,255,6372
256_Male_Adult_Maui-Nui.jpg,256,Male,Adult,Maui-Nui,photos-6077-6077.jpg,07770537-0ae9-4824-95f8-51d67c48e7ed,256,6077
257_Male_Adult_Maui-Nui.jpg,257,Male,Adult,Maui-Nui,photos-6124-6124.jpg,7baeb3dc-2285-450f-b95b-45518d6d7001,257,6124
258_Female_Unknown_Maui-Nui.jpg,258,Female,Unknown,Maui-Nui,photos-6378-6378.jpg,ed777634-e0f0-4f65-964a-4fd86c19536c,258,6378
259_Female_Juvenile_Maui-Nui.jpg,259,Female,Juvenile,Maui-Nui,photos-6232-6232.jpg,e3e40a49-2b06-4a3b-a1e5-3b362a21d7ba,259,6232
262_Male_Adult_Maui-Nui.jpg,262,Male,Adult,Maui-Nui,photos-5996-5996.jpg,b108d851-e467-42e7-8ed9-3b49345f6e0a,262,5996
263_Female_Unknown_Maui-Nui.jpg,263,Female,Unknown,Maui-Nui,photos-6335-6335.jpg,2507e2b9-73a6-4d8f-9775-40f738c1d079,263,6335
264_Female_Adult_Maui-Nui.jpg,264,Female,Adult,Maui-Nui,photos-6231-6231.jpg,b45335d2-5198-4e00-a5f0-de83f6ac255f,264,6231
265_Female_Unknown_Maui-Nui.jpg,265,Female,Unknown,Maui-Nui,photos-6292-6292.jpg,16a1ebe5-e620-435e-9740-f91352de2c99,265,6292
266_Female_Unknown_Maui-Nui.jpg,266,Female,Unknown,Maui-Nui,photos-6316-6316.jpg,f6e0b961-ef2e-460f-a70b-2efa4b539889,266,6316
267_Female_Unknown_Maui-Nui.jpg,267,Female,Unknown,Maui-Nui,photos-6379-6379.jpg,7fc62601-58e1-4525-ab08-19d3fbc1193d,267,6379
268_Female_Adult_Maui-Nui.jpg,268,Female,Adult,Maui-Nui,photos-6255-6255.jpg,98b4926b-3414-42f9-aceb-7080d828626f,268,6255
269_Female_Adult_Maui-Nui.jpg,269,Female,Adult,Maui-Nui,photos-6285-6285.jpg,ce9a99b1-74d2-493e-98b0-5cde7389ca1e,269,6285
271_Female_Unknown_Maui-Nui.jpg,271,Female,Unknown,Maui-Nui,photos-6347-6347.jpg,b95877e8-c785-4169-b84a-46ac9e099d53,271,6347
272_Female_unknown_Maui-Nui.jpg,272,Female,unknown,Maui-Nui,photos-6392-6392.jpg,559443f8-a169-4670-8fa9-1f648ebb75b3,272,6392
249_Female_Unknown_Maui-Nui.jpg,249,Female,Unknown,Maui-Nui,photos-6386-6386.jpg,ea325d68-9d2c-43e9-96f3-e04451f47406,249,6386
273_Female_unknown_Maui-Nui.jpg,273,Female,unknown,Maui-Nui,photos-6277-6277.jpg,66fe1003-5f32-41c4-8eea-6f8c19942318,273,6277
274_Female_Unknown_Maui-Nui.jpg,274,Female,Unknown,Maui-Nui,photos-6349-6349.jpg,3a6412aa-b325-4e32-8fa8-118eafa82db1,274,6349
275_Female_Unknown_Maui-Nui.jpg,275,Female,Unknown,Maui-Nui,photos-6352-6352.jpg,996f9812-8771-4022-8606-7c2dbf0189a9,275,6352
277_Female_Adult_Maui-Nui.jpg,277,Female,Adult,Maui-Nui,photos-6300-6300.jpg,e829f2db-9aa9-4fe1-b0f1-8ca1e18bd8d4,277,6300
278_Female_Unknown_Maui-Nui.jpg,278,Female,Unknown,Maui-Nui,photos-6400-6400.jpg,6157e78f-7c4e-484a-9915-712539e25b7a,278,6400
279_Male_Adult_Maui-Nui.jpg,279,Male,Adult,Maui-Nui,photos-6050-6050.jpg,b29326ab-9b3c-401a-aa23-058fb872e774,279,6050
280_Male_Transition_Maui-Nui.jpg,280,Male,Transition,Maui-Nui,photos-6010-6010.jpg,bd980659-60a6-4b6b-9959-922dd255bc81,280,6010
281_Female_Unknown_Maui-Nui.jpg,281,Female,Unknown,Maui-Nui,photos-6368-6368.jpg,532bad5f-ccad-42c1-922d-313acac38d35,281,6368
282_Female_Unknown_Maui-Nui.jpg,282,Female,Unknown,Maui-Nui,photos-6360-6360.jpg,545f795d-52d7-4639-9232-9ef241d6c0df,282,6360
283_Female_Unknown_Maui-Nui.jpg,283,Female,Unknown,Maui-Nui,photos-6216-6216.jpg,3d65a08d-6c63-4b5b-a2d0-d23bccb86717,283,6216
284_Male_Adult_Maui-Nui.jpg,284,Male,Adult,Maui-Nui,photos-6049-6049.jpg,7bc9a16b-63ee-4c1a-86fb-b6a53a339d31,284,6049
285_Female_unknown_Maui-Nui.jpg,285,Female,unknown,Maui-Nui,photos-6341-6341.jpg,41fc3c9a-8c77-406b-8cd2-87f275bbc57e,285,6341
286_Female_Unknown_Maui-Nui.jpg,286,Female,Unknown,Maui-Nui,photos-6361-6361.jpg,a30afa4d-22ae-43b2-ae6d-c06639112988,286,6361
287_Male_Juvenile_Maui-Nui.jpg,287,Male,Juvenile,Maui-Nui,photos-6097-6097.jpg,74d86a8e-5236-4e1c-95c3-071f41751af4,287,6097
288_Female_Adult_Maui-Nui.jpg,288,Female,Adult,Maui-Nui,photos-6326-6326.jpg,67933446-65ec-4848-9884-db48f19b18a5,288,6326
290_Male_Adult_Maui-Nui.jpg,290,Male,Adult,Maui-Nui,photos-6156-6156.jpg,9976011d-db3a-4f59-8b8e-f983b944ea0e,290,6156
291_Female_Unknown_Maui-Nui.jpg,291,Female,Unknown,Maui-Nui,photos-6287-6287.jpg,598f1136-34a7-446e-9e1b-f073c3bdad29,291,6287
292_Female_Unknown_Maui-Nui.jpg,292,Female,Unknown,Maui-Nui,photos-6275-6275.jpg,e2f4fc8a-d1fb-4071-a79c-517e909d37ff,292,6275
295_Female_Unknown_Maui-Nui.jpg,295,Female,Unknown,Maui-Nui,photos-6299-6299.jpg,cff32f2e-b5ab-4078-942d-024aa7716459,295,6299
296_Female_Adult_Maui-Nui.jpg,296,Female,Adult,Maui-Nui,photos-6381-6381.jpg,d6603943-f548-429c-96d8-4e06142315c2,296,6381
297_Female_Unknown_Maui-Nui.jpg,297,Female,Unknown,Maui-Nui,photos-6362-6362.jpg,a4ee0421-9dd9-4974-87ab-918f8fe886bb,297,6362
298_Male_Juvenile_Maui-Nui.jpg,298,Male,Juvenile,Maui-Nui,photos-6008-6008.jpg,ce71e461-47e5-4a55-84b6-6b1f1594ebcc,298,6008
299_Female_Unknown_Maui-Nui.jpg,299,Female,Unknown,Maui-Nui,photos-6270-6270.jpg,500a9d08-08b9-4d73-9149-4a87282fa9eb,299,6270
300_Female_Unknown_Maui-Nui.jpg,300,Female,Unknown,Maui-Nui,photos-6350-6350.jpg,c02ed8b5-b432-48b0-ad50-0227417894fb,300,6350
301_Female_unknown_Maui-Nui.jpg,301,Female,unknown,Maui-Nui,photos-6296-6296.jpg,c616a5e2-f2ed-49bc-b0a1-53e3914ff641,301,6296
303_Male_Adult_Maui-Nui.jpg,303,Male,Adult,Maui-Nui,photos-6130-6130.jpg,374e4819-d57a-4c78-93e3-0c16ce887e11,303,6130
305_Female_unknown_Maui-Nui.jpg,305,Female,unknown,Maui-Nui,photos-6376-6376.jpg,1601ea2f-b0f5-4317-92a3-47d5613c051a,305,6376
306_Male_Adult_Maui-Nui.jpg,306,Male,Adult,Maui-Nui,photos-6115-6115.jpg,582c6d31-2165-4fbb-b842-5282e0966226,306,6115
307_Female_Adult_Maui-Nui.jpg,307,Female,Adult,Maui-Nui,photos-6337-6337.jpg,e0f80cc1-9008-4ae3-8f84-b2c8bae684e6,307,6337
308_Female_unknown_Maui-Nui.jpg,308,Female,unknown,Maui-Nui,photos-6311-6311.jpg,07130063-a48f-4af1-ad59-6a1e1197970d,308,6311
309_Female_unknown_Maui-Nui.jpg,309,Female,unknown,Maui-Nui,photos-6398-6398.jpg,2d5d50f5-ce18-4f66-833c-fde735949a5e,309,6398
310_Female_unknown_Maui-Nui.jpg,310,Female,unknown,Maui-Nui,photos-6237-6237.jpg,d466a1d1-49ed-45ab-afa7-f9b2b5c789e2,310,6237
311_Male_Adult_Maui-Nui.jpg,311,Male,Adult,Maui-Nui,photos-6105-6105.jpg,b91d43a2-c502-4121-9f77-5e84b991feff,311,6105
312_Male_Adult_Maui-Nui.jpg,312,Male,Adult,Maui-Nui,photos-6135-6135.jpg,1d5aa398-58c4-4c16-8970-cc76396c5809,312,6135
313_Male_Adult_Maui-Nui.jpg,313,Male,Adult,Maui-Nui,photos-6015-6015.jpg,154554cb-96be-4523-b1f0-1ae5e359559b,313,6015
314_Male_Adult_Maui-Nui.jpg,314,Male,Adult,Maui-Nui,photos-6171-6171.jpg,9343d91e-76b3-4fca-8893-fda7110e7a47,314,6171
315_Female_unknown_Maui-Nui.jpg,315,Female,unknown,Maui-Nui,photos-6369-6369.jpg,7c3dbb38-d990-4466-8e9e-727d63604799,315,6369
316_Male_Adult_Maui-Nui.jpg,316,Male,Adult,Maui-Nui,photos-6036-6036.jpg,5f2eb8e6-ee99-4fd8-917e-bc58565d1c6b,316,6036
317_Male_Juvenile_Maui-Nui.jpg,317,Male,Juvenile,Maui-Nui,photos-6003-6003.jpg,3d8b5396-a217-43e9-b141-2233b557064a,317,6003
318_Female_unknown_Maui-Nui.jpg,318,Female,unknown,Maui-Nui,photos-6373-6373.jpg,edf608e1-c964-4ce3-b103-a14bf31b0a0f,318,6373
319_Female_unknown_Maui-Nui.jpg,319,Female,unknown,Maui-Nui,photos-6314-6314.jpg,623a6383-cbec-4ab1-921f-8cbf3f00907a,319,6314
321_Male_Adult_Maui-Nui.jpg,321,Male,Adult,Maui-Nui,photos-6045-6045.jpg,4bc62e73-86b2-4bb9-b678-a398920e8a0f,321,6045
322_Female_Unknown_Maui-Nui.jpg,322,Female,Unknown,Maui-Nui,photos-6325-6325.jpg,fdda209e-817f-4cd5-8ea2-34da4dc4f9cc,322,6325
323_Female_unknown_Maui-Nui.jpg,323,Female,unknown,Maui-Nui,photos-6241-6241.jpg,0ad3ff48-9cc8-41c0-a762-1d0cfb40a56e,323,6241
324_Female_Unknown_Maui-Nui.jpg,324,Female,Unknown,Maui-Nui,photos-6365-6365.jpg,2b6a2092-f7da-495a-a284-9f72ffbebf70,324,6365
325_Female_Unknown_Maui-Nui.jpg,325,Female,Unknown,Maui-Nui,photos-6259-6259.jpg,04fd78d8-79eb-4a13-8194-df59178ebe76,325,6259
326_Female_Unknown_Maui-Nui.jpg,326,Female,Unknown,Maui-Nui,photos-6370-6370.jpg,7c4935a9-1e87-4532-88f0-ca18195b6cc9,326,6370
327_Male_Adult_Maui-Nui.jpg,327,Male,Adult,Maui-Nui,photos-6138-6138.jpg,6461e916-57e7-41c7-9eed-38f6e17241b2,327,6138
328_Female_Unknown_Maui-Nui.jpg,328,Female,Unknown,Maui-Nui,photos-6346-6346.jpg,04ae52ea-58cc-40d4-946d-64dc3c246adb,328,6346
329_Male_Adult_Maui-Nui.jpg,329,Male,Adult,Maui-Nui,photos-6127-6127.jpg,e64f85a7-206a-4bf7-bfcf-852b24655cf6,329,6127
330_Male_Adult_Maui-Nui.jpg,330,Male,Adult,Maui-Nui,photos-6034-6034.jpg,a6b6e760-62e0-47b6-8acf-3e76a29aae4c,330,6034
331_Male_Adult_Maui-Nui.jpg,331,Male,Adult,Maui-Nui,photos-6027-6027.jpg,385bc4b4-330a-4ef3-b572-0e07b968131c,331,6027
332_Female_unknown_Maui-Nui.jpg,332,Female,unknown,Maui-Nui,photos-6282-6282.jpg,dcc7f455-6962-4fa1-b652-b80e22edcfe8,332,6282
334_Female_Unknown_Maui-Nui.jpg,334,Female,Unknown,Maui-Nui,photos-6280-6280.jpg,0f212c3c-7a8a-45b0-967e-c0d9c8dbf5cb,334,6280
335_Female_unknown_Maui-Nui.jpg,335,Female,unknown,Maui-Nui,photos-6301-6301.jpg,f5e3b463-61d6-499d-916c-8ed10af98d77,335,6301
337_Female_Unknown_Maui-Nui.jpg,337,Female,Unknown,Maui-Nui,photos-6274-6274.jpg,eee2e230-8c18-4c57-b2be-9fed74100d82,337,6274
340_Male_Adult_Maui-Nui.jpg,340,Male,Adult,Maui-Nui,photos-6068-6068.jpg,45fa56b8-885e-4d2c-aa30-aa995e945246,340,6068
350_Female_Juvenile_Maui-Nui.jpg,350,Female,Juvenile,Maui-Nui,photos-6322-6322.jpg,9e4cde0b-626d-439c-8afc-22d7086629bf,350,6322
355_Female_Unknown_Maui-Nui.jpg,355,Female,Unknown,Maui-Nui,photos-6334-6334.jpg,3ef32864-0e9f-42f4-96f5-3d1efa39ad7a,355,6334
365_Female_unknown_Maui-Nui.jpg,365,Female,unknown,Maui-Nui,photos-6355-6355.jpg,ca50b535-16e4-4a9f-aae9-73c086e88bc0,365,6355
366_Female_Unknown_Maui-Nui.jpg,366,Female,Unknown,Maui-Nui,photos-6214-6214.jpg,31aca7db-397a-4ac6-b6db-ac454fa60bcd,366,6214
367_Unknown_unknown_Maui-Nui.jpg,367,Unknown,unknown,Maui-Nui,photos-6201-6201.jpg,d3cdde38-3aea-4b1d-99e7-19b52f18d2a8,367,6201
368_Unknown_unknown_Maui-Nui.jpg,368,Unknown,unknown,Maui-Nui,photos-6207-6207.jpg,869c0a95-c02a-4f2b-80b6-9507bf0c4a59,368,6207
369_Female_unknown_Maui-Nui.jpg,369,Female,unknown,Maui-Nui,photos-6374-6374.jpg,862c18b3-ed50-48e2-88d1-ee50df447292,369,6374
370_Male_Juvenile_Maui-Nui.jpg,370,Male,Juvenile,Maui-Nui,photos-6072-6072.jpg,b589c93a-20d0-4b2a-a8cd-94ab4c5c9aae,370,6072
372_Female_Adult_Maui-Nui.jpg,372,Female,Adult,Maui-Nui,photos-6284-6284.jpg,28d8cc7c-4bc2-4b0d-a657-659d8c8e1d0b,372,6284
373_Female_unknown_Maui-Nui.jpg,373,Female,unknown,Maui-Nui,photos-6260-6260.jpg,bfc0d831-d485-457a-bf87-b5cb12538cf9,373,6260
374_Male_Adult_Maui-Nui.jpg,374,Male,Adult,Maui-Nui,photos-6139-6139.jpg,b9c62e66-f2be-4f64-ac26-64b1a60eb65d,374,6139
375_Male_Juvenile_Maui-Nui.jpg,375,Male,Juvenile,Maui-Nui,photos-6150-6150.jpg,df176c12-e829-4e72-bc72-b4cc211e4f93,375,6150
376_Male_Juvenile_Maui-Nui.jpg,376,Male,Juvenile,Maui-Nui,photos-6136-6136.jpg,5916a5bc-adfb-4fca-95e3-b86f8d792b6a,376,6136
379_Unknown_Unknown_Maui-Nui.jpg,379,Unknown,Unknown,Maui-Nui,photos-6205-6205.jpg,9f7194a7-92a0-4dd2-8b93-c04b6b86fa6e,379,6205
380_Female_Unknown_Maui-Nui.jpg,380,Female,Unknown,Maui-Nui,photos-6267-6267.jpg,72f6504b-d6b8-4227-82cb-9fe73c3bd5b2,380,6267
381_Female_unknown_Maui-Nui.jpg,381,Female,unknown,Maui-Nui,photos-6218-6218.jpg,6ac34d2d-445e-4929-84d5-543c00ed0f07,381,6218
382_Female_Unknown_Maui-Nui.jpg,382,Female,Unknown,Maui-Nui,photos-6348-6348.jpg,2b61a53e-19f5-45df-a169-be061cd45d45,382,6348
383_Female_Unknown_Maui-Nui.jpg,383,Female,Unknown,Maui-Nui,photos-6353-6353.jpg,b18f24b3-ff33-4149-80e7-43e516b9ef6b,383,6353
384_Male_Adult_Maui-Nui.jpg,384,Male,Adult,Maui-Nui,photos-6102-6102.jpg,36cc3328-24b5-43f3-9ab8-93dac8f83eef,384,6102
385_Male_Adult_Maui-Nui.jpg,385,Male,Adult,Maui-Nui,photos-6101-6101.jpg,676c6865-2e07-4dfb-9dce-f514b3cadbd5,385,6101
390_Female_unknown_Maui-Nui.jpg,390,Female,unknown,Maui-Nui,photos-6389-6389.jpg,0833e650-9678-4703-a66f-39cf250a379b,390,6389
391_Male_Juvenile_Maui-Nui.jpg,391,Male,Juvenile,Maui-Nui,photos-6012-6012.jpg,bba0acf3-7501-4c9e-ad27-2ef90c60f566,391,6012
392_Male_Juvenile_Maui-Nui.jpg,392,Male,Juvenile,Maui-Nui,photos-6062-6062.jpg,7fa694ba-9fb2-4068-bc82-749c49a02a15,392,6062
395_Male_Adult_Maui-Nui.jpg,395,Male,Adult,Maui-Nui,photos-6152-6152.jpg,eb669066-f59f-41db-9e0b-b4111f149ee6,395,6152
396_Male_Adult_Maui-Nui.jpg,396,Male,Adult,Maui-Nui,photos-6035-6035.jpg,4b2b6545-5b91-4bd0-bb4e-4121766fd1a4,396,6035
398_Female_unknown_Maui-Nui.jpg,398,Female,unknown,Maui-Nui,photos-6312-6312.jpg,602f17eb-f30b-49ee-912a-01cd8385ebe2,398,6312
399_Male_Adult_Maui-Nui.jpg,399,Male,Adult,Maui-Nui,photos-6177-6177.jpg,7878634a-42b1-4ad6-9dbf-3c9d77ebe0b9,399,6177
401_Male_Adult_Maui-Nui.jpg,401,Male,Adult,Maui-Nui,photos-5998-5998.jpg,9ec9dcff-3688-43b1-9ed0-5bd50b358b69,401,5998
402_Male_Juvenile_Maui-Nui.jpg,402,Male,Juvenile,Maui-Nui,photos-6078-6078.jpg,e625da4c-2d5b-4fa7-8d6d-1282d5c8be8d,402,6078
404_Female_unknown_Maui-Nui.jpg,404,Female,unknown,Maui-Nui,photos-6235-6235.jpg,c94ff9ba-d550-48e1-8945-a36181676b55,404,6235
405_Female_unknown_Maui-Nui.jpg,405,Female,unknown,Maui-Nui,photos-6387-6387.jpg,3278e25b-a3ef-43d7-b435-b30ef2444683,405,6387
408_Female_unknown_Maui-Nui.jpg,408,Female,unknown,Maui-Nui,photos-6413-6413.jpg,83aef2be-04e8-4958-a6fd-d8b4e4241572,408,6413
410_Male_Juvenile_Maui-Nui.jpg,410,Male,Juvenile,Maui-Nui,photos-6169-6169.jpg,ec56c952-b9c3-4f77-89c0-4a203faff72c,410,6169
411_Male_Adult_Maui-Nui.jpg,411,Male,Adult,Maui-Nui,photos-6092-6092.jpg,e98a6295-a7fc-4c9b-baa9-9fac54c752b0,411,6092
413_Male_Juvenile_Maui-Nui.jpg,413,Male,Juvenile,Maui-Nui,photos-6188-6188.jpg,57b389e3-8d36-4c74-b9de-d5e989accf8f,413,6188
414_Male_Adult_Maui-Nui.jpg,414,Male,Adult,Maui-Nui,photos-6002-6002.jpg,f8dfe833-7672-4900-b808-7f932de1cac7,414,6002
415_Male_Adult_Maui-Nui.jpg,415,Male,Adult,Maui-Nui,photos-6199-6199.jpg,ebe91792-5951-4448-9d63-5ffffb7e005d,415,6199
416_Male_Adult_Maui-Nui.jpg,416,Male,Adult,Maui-Nui,photos-6093-6093.jpg,4f1559d2-fe1a-431e-a822-3d9e6432359c,416,6093
417_Female_unknown_Maui-Nui.jpg,417,Female,unknown,Maui-Nui,photos-6315-6315.jpg,ca6a2f21-e26d-4269-b6e6-1b8a0464a239,417,6315
418_Female_unknown_Maui-Nui.jpg,418,Female,unknown,Maui-Nui,photos-6209-6209.jpg,bd218d19-0dfe-46aa-9988-18e90a18656d,418,6209
420_Male_Adult_Maui-Nui.jpg,420,Male,Adult,Maui-Nui,photos-6148-6148.jpg,222a25fe-d983-4e35-98aa-ffbf1d172d15,420,6148
421_Female_unknown_Maui-Nui.jpg,421,Female,unknown,Maui-Nui,photos-6394-6394.jpg,e89520eb-ba66-432b-89dc-50490e7b1c3f,421,6394
422_Female_unknown_Maui-Nui.jpg,422,Female,unknown,Maui-Nui,photos-6236-6236.jpg,8cd2b323-6870-4d00-a9be-79d6f5509f50,422,6236
424_Unknown_unknown_Maui-Nui.jpg,424,Unknown,unknown,Maui-Nui,photos-6203-6203.jpg,f979b899-a94e-4a10-a2ed-0b5298ab87d6,424,6203
425_Male_Adult_Maui-Nui.jpg,425,Male,Adult,Maui-Nui,photos-6344-6344.jpg,4090a551-bece-4b71-97a2-63303f06532b,425,6344
426_Female_unknown_Maui-Nui.jpg,426,Female,unknown,Maui-Nui,photos-6226-6226.jpg,f36e977a-36c6-47c8-9e7d-16dae0661886,426,6226
427_Female_unknown_Maui-Nui.jpg,427,Female,unknown,Maui-Nui,photos-6321-6321.jpg,d36257ab-309e-41dd-b67c-6f587f0bed05,427,6321
428_Female_Juvenile_Maui-Nui.jpg,428,Female,Juvenile,Maui-Nui,photos-6295-6295.jpg,09befb8d-3837-4294-9f2c-c74a683cf1d0,428,6295
429_Male_Adult_Maui-Nui.jpg,429,Male,Adult,Maui-Nui,photos-6133-6133.jpg,c512a858-7aa6-4d75-86b1-346824eb7aa7,429,6133
430_Male_unknown_Maui-Nui.jpg,430,Male,unknown,Maui-Nui,photos-6155-6155.jpg,86d862d2-8951-48a2-9f97-ecfbc38aedea,430,6155
437_Female_unknown_Maui-Nui.jpg,437,Female,unknown,Maui-Nui,photos-6215-6215.jpg,7fe21ca2-1cdc-4cdb-8d1e-43e9390814e4,437,6215
438_Female_Juvenile_Maui-Nui.jpg,438,Female,Juvenile,Maui-Nui,photos-6221-6221.jpg,488c2a73-c43d-446f-82d4-351db5dfa107,438,6221
439_Female_unknown_Maui-Nui.jpg,439,Female,unknown,Maui-Nui,photos-6297-6297.jpg,39b1e10c-912c-4605-ad98-7f54326bc0e5,439,6297
440_Female_unknown_Maui-Nui.jpg,440,Female,unknown,Maui-Nui,photos-6391-6391.jpg,e88f14ca-7521-4f9e-bba4-c659577ccf43,440,6391
441_Female_unknown_Maui-Nui.jpg,441,Female,unknown,Maui-Nui,photos-6375-6375.jpg,f50470d3-0a9e-4eb9-b200-16f5a2994195,441,6375
442_Female_unknown_Maui-Nui.jpg,442,Female,unknown,Maui-Nui,photos-6380-6380.jpg,38bc9c93-fab1-4c96-8527-4117339a06ef,442,6380
443_Female_unknown_Maui-Nui.jpg,443,Female,unknown,Maui-Nui,photos-6351-6351.jpg,1cd7dc32-45e8-41d0-9f6e-b9dc9e242bcb,443,6351
445_Male_Adult_Maui-Nui.jpg,445,Male,Adult,Maui-Nui,photos-6123-6123.jpg,cf64780e-107a-4d21-a53d-70677e6d717b,445,6123
446_Female_Juvenile_Maui-Nui.jpg,446,Female,Juvenile,Maui-Nui,photos-6345-6345.jpg,a4b54a04-ec5a-49c0-9377-c45497bc75f9,446,6345
447_Female_unknown_Maui-Nui.jpg,447,Female,unknown,Maui-Nui,photos-6250-6250.jpg,07220e67-7289-4691-a154-29daf00a1916,447,6250
449_Female_unknown_Maui-Nui.jpg,449,Female,unknown,Maui-Nui,photos-6228-6228.jpg,5406aa8c-c715-4ead-a57a-19284b627ebb,449,6228
450_Female_unknown_Maui-Nui.jpg,450,Female,unknown,Maui-Nui,photos-6332-6332.jpg,b3259e0d-eb8c-4b7e-8955-3adf55e26f39,450,6332
475_Unknown_Unknown_Maui-Nui.jpg,475,Unknown,Unknown,Maui-Nui,photos-4738-4738.jpg,0f771744-f22b-452e-b1b1-8275d6ef2ba7,475,4738
517_Unknown_Unknown_Maui-Nui.jpg,517,Unknown,Unknown,Maui-Nui,photos-4847-4847.jpg,46a40bea-d114-4d3a-8d5c-5b8048d4bfab,517,4847
451_Unknown_unknown_Maui-Nui.jpg,451,Unknown,unknown,Maui-Nui,photos-4535-4535.jpg,358ea5ca-ad10-4842-9d0b-6b59b802f6af,451,4535
803_Unknown_Unknown_Kauai.jpg,803,Unknown,Unknown,Kauai,photos-6679-6679.jpg,9577feca-4f3d-4883-b895-c5a4aa079b38,803,6679
154_Female_Juvenile_Maui-Nui.jpg,154,Female,Juvenile,Maui-Nui,photos-6401-6401.jpg,04f1de2d-8d1a-4021-abd9-eb3c82b9d71e,154,6401
54_Unknown_Unknown_Maui-Nui.jpg,54,Unknown,Unknown,Maui-Nui,photos-6206-6206.jpg,6bb3290b-214a-42d0-a23d-14d3df091b4d,54,6206
106_Female_unknown_Maui-Nui.jpg,106,Female,unknown,Maui-Nui,photos-6339-6339.jpg,37300c9f-fe20-45d6-ad6c-9eee6bc72b73,106,6339
248_Female_unknown_Maui-Nui.jpg,248,Female,unknown,Maui-Nui,photos-6342-6342.jpg,06dc6fd4-f731-40f7-ba40-2923e61f57bb,248,6342
24_Male_Adult_Maui-Nui.jpg,24,Male,Adult,Maui-Nui,photos-6074-6074.jpg,e9da7213-a4c5-47e5-9dcb-ed1b4cfa7eee,24,6074
84_Male_Adult_Maui-Nui.jpg,84,Male,Adult,Maui-Nui,photos-6075-6075.jpg,1b17b3e4-c41b-4e58-8d0b-0580f2adaf86,84,6075
423_Male_Adult_Maui-Nui.jpg,423,Male,Adult,Maui-Nui,photos-6076-6076.jpg,276186cf-c98f-4c13-8762-ad607a32d594,423,6076
397_Female_unknown_Maui-Nui.jpg,397,Female,unknown,Maui-Nui,photos-6244-6244.jpg,2449f166-3833-41d5-bdfc-4ed0cfd13494,397,6244
53_Female_Unknown_Maui-Nui.jpg,53,Female,Unknown,Maui-Nui,photos-6385-6385.jpg,5fab4a47-abd4-4b4d-bd36-054da26e6d82,53,6385
71_Female_unknown_Maui-Nui.jpg,71,Female,unknown,Maui-Nui,photos-6406-6406.jpg,5de2e656-51a7-4835-9432-45b9ba219cbf,71,6406
73_Female_Unknown_Maui-Nui.jpg,73,Female,Unknown,Maui-Nui,photos-6407-6407.jpg,036cdd8e-2241-4476-ab36-109dfa2485b4,73,6407
96_Female_unknown_Maui-Nui.jpg,96,Female,unknown,Maui-Nui,photos-6411-6411.jpg,2476957a-6bcf-4ca6-9955-f6ab3b982a14,96,6411
120_Female_Unknown_Maui-Nui.jpg,120,Female,Unknown,Maui-Nui,photos-6404-6404.jpg,84ca69e2-aca4-4b29-bea4-15758ed7b52a,120,6404
146_Female_unknown_Maui-Nui.jpg,146,Female,unknown,Maui-Nui,photos-6402-6402.jpg,4380a7f0-1319-4289-aa9b-79950adea646,146,6402
260_Female_unknown_Maui-Nui.jpg,260,Female,unknown,Maui-Nui,photos-6410-6410.jpg,cab77b05-d59e-42c2-91cf-f6c1d11da1fe,260,6410
403_Female_unknown_Maui-Nui.jpg,403,Female,unknown,Maui-Nui,photos-6405-6405.jpg,e7c6f478-c15e-4a19-908e-38da332a67e7,403,6405
444_Female_unknown_Maui-Nui.jpg,444,Female,unknown,Maui-Nui,photos-6403-6403.jpg,f32dd4dc-3ebf-436d-b2d5-27fecba98caf,444,6403
30_Male_Adult_Maui-Nui.jpg,30,Male,Adult,Maui-Nui,photos-6085-6085.jpg,378085f9-2590-4137-92bd-5f3f50ddbcbf,30,6085
371_Male_Juvenile_Maui-Nui.jpg,371,Male,Juvenile,Maui-Nui,photos-5995-5995.jpg,ab7c7baf-9111-4fe7-85bc-8a9e10fc15f8,371,5995
320_Male_Adult_Maui-Nui.jpg,320,Male,Adult,Maui-Nui,photos-6174-6174.jpg,8e4a326a-5511-462b-9d7d-ca824ce209cb,320,6174
902_Unknown_Unknown_Oahu.jpg,902,Unknown,Unknown,Oahu,photos-7390-7390.jpg,408e636a-1ea0-4778-ab96-7d94eb6d9576,902,7390
863_unknown_unknown_Unknown.jpg,863,unknown,unknown,Unknown,photos-7009-7009.jpg,f2140fe7-4f20-4f77-b19f-96e0e1a1c94a,863,7009
42_Male_Juvenile_Maui-Nui.jpg,42,Male,Juvenile,Maui-Nui,photos-6091-6091.jpg,ab89d39e-836b-4b56-9158-a31fb18491ce,42,6091
190_Male_Adult_Maui-Nui.jpg,190,Male,Adult,Maui-Nui,photos-6098-6098.jpg,5268d739-121f-47a5-a24e-76182f88e402,190,6098
302_Male_Adult_Maui-Nui.jpg,302,Male,Adult,Maui-Nui,photos-6160-6160.jpg,11b5cb93-70fe-4197-8a78-d23cbb665737,302,6160
22_Male_Adult_Maui-Nui.jpg,22,Male,Adult,Maui-Nui,photos-6084-6084.jpg,b334d5b3-103a-4c56-8e75-dc14070375c6,22,6084
336_Male_Adult_Maui-Nui.jpg,336,Male,Adult,Maui-Nui,photos-6088-6088.jpg,7f1ccbc1-f84e-4b1a-a2fb-88c35e8fe6ff,336,6088
36_Male_Adult_Maui-Nui.jpg,36,Male,Adult,Maui-Nui,photos-6113-6113.jpg,2b08bd71-085c-4b16-b2ff-832eb4317010,36,6113
6_Male_Adult_Maui-Nui.jpg,6,Male,Adult,Maui-Nui,photos-6114-6114.jpg,6fa3ff6e-ddd1-4149-99ac-098282231dcf,6,6114
874_Unknown_Unknown_Oahu.jpg,874,Unknown,Unknown,Oahu,photos-7095-7095.jpg,ca9aa964-f56f-4c12-991b-c3f437a9dee9,874,7095
895_Unknown_Unknown_Oahu.jpg,895,Unknown,Unknown,Oahu,photos-7309-7309.jpg,522f76de-0392-40d4-98a9-7c43562b7aa4,895,7309
862_Unknown_Unknown_Oahu.jpg,862,Unknown,Unknown,Oahu,photos-6997-6997.jpg,d9ea4fca-bf00-4e28-b418-6921e48d1263,862,6997
875_Unknown_Unknown_Oahu.jpg,875,Unknown,Unknown,Oahu,photos-7096-7096.jpg,37f3884a-21b7-4a5f-bad2-1e5707cbcd79,875,7096
142_Male_Adult_Maui-Nui.jpg,142,Male,Adult,Maui-Nui,photos-6087-6087.jpg,9fd607b1-7665-428d-b56a-3e440f20bc91,142,6087
27_Male_Adult_Maui-Nui.jpg,27,Male,Adult,Maui-Nui,photos-6004-6004.jpg,33f328f7-3d57-4464-81d6-5a38c265b594,27,6004
276_Female_unknown_Maui-Nui.jpg,276,Female,unknown,Maui-Nui,photos-6212-6212.jpg,fe5eb220-6fd5-4cac-b904-e2cb7a2e5ce5,276,6212
516_Unknown_Unknown_Maui-Nui.jpg,516,Unknown,Unknown,Maui-Nui,photos-4890-4890.jpg,b64efcaa-35bb-4f86-9def-7cd8911d46b0,516,4890
518_Unknown_Unknown_Maui-Nui.jpg,518,Unknown,Unknown,Maui-Nui,photos-4829-4829.jpg,5c33d274-687a-49ea-9b7f-1eca5d20d7d4,518,4829
222_Male_Juvenile_Maui-Nui.jpg,222,Male,Juvenile,Maui-Nui,photos-6021-6021.jpg,38ad6d21-b2aa-42cb-ba38-c1b025f1e9bc,222,6021
171_Male_Adult_Maui-Nui.jpg,171,Male,Adult,Maui-Nui,photos-6069-6069.jpg,4bbfbfa0-1c9d-406a-b9c4-f8d6cc091fce,171,6069
240_Male_Adult_Maui-Nui.jpg,240,Male,Adult,Maui-Nui,photos-6141-6141.jpg,44c584d3-2c2d-47e3-90b2-ebcfe9935759,240,6141
69_Female_Adult_Maui-Nui.jpg,69,Female,Adult,Maui-Nui,photos-6222-6222.jpg,fba88c02-7ee1-45c4-b7c0-a29e469f87e7,69,6222
147_Male_Adult_Maui-Nui.jpg,147,Male,Adult,Maui-Nui,photos-6183-6183.jpg,70412f99-00db-47fb-990d-0dd4b8259835,147,6183
23_Male_Adult_Maui-Nui.jpg,23,Male,Adult,Maui-Nui,photos-6016-6016.jpg,0c3731a2-62a6-444c-ba10-e9111f35fe61,23,6016
4_Male_Adult_Maui-Nui.jpg,4,Male,Adult,Maui-Nui,photos-6001-6001.jpg,4263a6be-a516-43dc-841c-da7761447661,4,6001
19_Male_Adult_Maui-Nui.jpg,19,Male,Adult,Maui-Nui,photos-6030-6030.jpg,236ebfdb-3fea-4a45-a9b8-1d0f9b94b137,19,6030
67_Male_Transition_Maui-Nui.jpg,67,Male,Transition,Maui-Nui,photos-6014-6014.jpg,a092c9ec-2a4e-4d2b-8c58-2033e4ac5b69,67,6014
100_Male_Adult_Maui-Nui.jpg,100,Male,Adult,Maui-Nui,photos-6033-6033.jpg,2b0d2aa3-4066-41ac-b9f5-632cdeba6cdb,100,6033
126_Female_Adult_Maui-Nui.jpg,126,Female,Adult,Maui-Nui,photos-6412-6412.jpg,41ad27c3-da4c-43c0-b252-b9fa62cbf0e5,126,6412
15_Male_Adult_Maui-Nui.jpg,15,Male,Adult,Maui-Nui,photos-6057-6057.jpg,11dba9ed-699d-45c7-92c1-15b3bb06af40,15,6057
37_Male_Adult_Maui-Nui.jpg,37,Male,Adult,Maui-Nui,photos-6059-6059.jpg,3175c7f7-c8d3-48cf-862b-c4fe24e01b54,37,6059
43_Male_Adult_Maui-Nui.jpg,43,Male,Adult,Maui-Nui,photos-6063-6063.jpg,ea895198-156f-460f-871d-a024e08cafb8,43,6063
74_Male_unknown_Maui-Nui.jpg,74,Male,unknown,Maui-Nui,photos-6056-6056.jpg,d095239d-5071-45ab-a9e3-e8717ec49982,74,6056
80_Male_Juvenile_Maui-Nui.jpg,80,Male,Juvenile,Maui-Nui,photos-6041-6041.jpg,9c043952-e629-4619-8d55-9994a891d177,80,6041
85_Male_Transition_Maui-Nui.jpg,85,Male,Transition,Maui-Nui,photos-6060-6060.jpg,2943ecaa-e021-4afe-a51f-fe2891389e4b,85,6060
92_Male_Adult_Maui-Nui.jpg,92,Male,Adult,Maui-Nui,photos-6061-6061.jpg,cb2ab498-da41-499c-8b6b-675adbb3bbee,92,6061
206_Male_Adult_Maui-Nui.jpg,206,Male,Adult,Maui-Nui,photos-6082-6082.jpg,10fca045-8e74-42be-98d6-c425650c170f,206,6082
261_Male_Adult_Maui-Nui.jpg,261,Male,Adult,Maui-Nui,photos-6081-6081.jpg,3903f0df-e3df-4bc0-a82c-3973ddfd49f5,261,6081
412_Male_Adult_Maui-Nui.jpg,412,Male,Adult,Maui-Nui,photos-6080-6080.jpg,3b0f6a5f-fb31-4531-a3e7-582faf323f96,412,6080
82_Male_Adult_Maui-Nui.jpg,82,Male,Adult,Maui-Nui,photos-6039-6039.jpg,91fba976-ee9d-4a5e-987a-84cb5ce2c0b6,82,6039
90_Male_Transition_Maui-Nui.jpg,90,Male,Transition,Maui-Nui,photos-5997-5997.jpg,cb096d3d-267e-4231-88cd-84e7a438bc45,90,5997
113_Male_Adult_Maui-Nui.jpg,113,Male,Adult,Maui-Nui,photos-6083-6083.jpg,be33a3d3-eb30-461b-b2ec-9d077e8f786c,113,6083
124_Male_unknown_Maui-Nui.jpg,124,Male,unknown,Maui-Nui,photos-6064-6064.jpg,11e172f2-6874-45ce-b491-5fa41db47d3c,124,6064
145_Male_Adult_Maui-Nui.jpg,145,Male,Adult,Maui-Nui,photos-6066-6066.jpg,6bd8f994-60d5-4c60-ba75-0c385c2a9490,145,6066
1_Male_Adult_Maui-Nui.jpg,1,Male,Adult,Maui-Nui,photos-6128-6128.jpg,9637b302-35ce-4551-af58-c35a87ffb74d,1,6128
10_Male_Adult_Maui-Nui.jpg,10,Male,Adult,Maui-Nui,photos-6119-6119.jpg,71393702-ed2d-4d95-ad4c-cf34e4565335,10,6119
40_Male_Adult_Maui-Nui.jpg,40,Male,Adult,Maui-Nui,photos-6131-6131.jpg,355e926b-ab91-4a33-97e8-f3a0945ac55d,40,6131
60_Male_Adult_Maui-Nui.jpg,60,Male,Adult,Maui-Nui,photos-6053-6053.jpg,9b90a920-0130-42be-afe9-3bfa2c06a481,60,6053
107_Male_Adult_Maui-Nui.jpg,107,Male,Adult,Maui-Nui,photos-6120-6120.jpg,87574a20-b15b-485b-aa6e-d18d402fe294,107,6120
148_Male_Adult_Maui-Nui.jpg,148,Male,Adult,Maui-Nui,photos-6047-6047.jpg,7b4019c9-02f3-486b-9063-bf81f0944797,148,6047
160_Male_Adult_Maui-Nui.jpg,160,Male,Adult,Maui-Nui,photos-6118-6118.jpg,1385a3a1-ba12-409a-b265-a1288429c194,160,6118
18_Male_Adult_Maui-Nui.jpg,18,Male,Adult,Maui-Nui,photos-6132-6132.jpg,9b4bdbe0-c102-40de-b07c-a96594abfa7d,18,6132
88_Female_Adult_Maui-Nui.jpg,88,Female,Adult,Maui-Nui,photos-6217-6217.jpg,d5ad9b0c-f76d-440d-b9f2-69258877f57c,88,6217
200_Female_Adult_Maui-Nui.jpg,200,Female,Adult,Maui-Nui,photos-6238-6238.jpg,01785c72-b271-407a-90ff-16188c6ee4d0,200,6238
207_Unknown_Unknown_Maui-Nui.jpg,207,Unknown,Unknown,Maui-Nui,photos-6202-6202.jpg,1a2f30e5-9c9f-4c7a-9a18-08711509b8f8,207,6202
215_Female_unknown_Maui-Nui.jpg,215,Female,unknown,Maui-Nui,photos-6262-6262.jpg,e00eb107-4d45-44cd-b678-34415b0ca85b,215,6262
29_Female_Unknown_Maui-Nui.jpg,29,Female,Unknown,Maui-Nui,photos-6363-6363.jpg,2958aeb6-b37b-4da6-983c-1515e7744b21,29,6363
34_Female_Unknown_Maui-Nui.jpg,34,Female,Unknown,Maui-Nui,photos-6289-6289.jpg,68f577a7-3f7d-47fd-84ca-8b5235e496c2,34,6289
45_Female_Adult_Maui-Nui.jpg,45,Female,Adult,Maui-Nui,photos-6307-6307.jpg,bad1e3d7-00f0-4b80-8231-61ab7a8b8e12,45,6307
51_Female_Unknown_Maui-Nui.jpg,51,Female,Unknown,Maui-Nui,photos-6302-6302.jpg,c61e978c-16aa-406a-9e25-6e4e4df3ab05,51,6302
95_Female_unknown_Maui-Nui.jpg,95,Female,unknown,Maui-Nui,photos-6310-6310.jpg,b23524f2-5848-4b18-90e5-3aa3a41beb73,95,6310
116_Female_Adult_Maui-Nui.jpg,116,Female,Adult,Maui-Nui,photos-6263-6263.jpg,a37631be-f7b9-4db0-a1bb-f0635afe9e90,116,6263
134_Female_Adult_Maui-Nui.jpg,134,Female,Adult,Maui-Nui,photos-6288-6288.jpg,b3398a10-0e8c-4f0b-995a-4224cfb1eba9,134,6288
26_Female_Juvenile_Maui-Nui.jpg,26,Female,Juvenile,Maui-Nui,photos-6366-6366.jpg,830a2bfc-92e9-47c5-aaef-7128383db492,26,6366
48_Male_Adult_Maui-Nui.jpg,48,Male,Adult,Maui-Nui,photos-6019-6019.jpg,0d12ba98-a0a9-4d47-93d7-380e766fc8db,48,6019
87_Female_Unknown_Maui-Nui.jpg,87,Female,Unknown,Maui-Nui,photos-6305-6305.jpg,0ca3e340-fc5b-4a34-a5b3-54377022cd2b,87,6305
91_Male_Adult_Maui-Nui.jpg,91,Male,Adult,Maui-Nui,photos-6090-6090.jpg,e5ad3df8-6b92-4480-aeb0-ce2a0a136372,91,6090
128_Male_Adult_Maui-Nui.jpg,128,Male,Adult,Maui-Nui,photos-6164-6164.jpg,54663834-c4a5-466a-8bd0-6aa6b80157c9,128,6164
152_Male_Adult_Maui-Nui.jpg,152,Male,Adult,Maui-Nui,photos-6020-6020.jpg,2992f8ba-5bfa-44b1-b471-7323872fa808,152,6020
13_Male_Adult_Maui-Nui.jpg,13,Male,Adult,Maui-Nui,photos-6112-6112.jpg,310517c5-8907-49ed-b52e-2cfda1b31223,13,6112
44_Male_Adult_Maui-Nui.jpg,44,Male,Adult,Maui-Nui,photos-6109-6109.jpg,f2d7c36a-0e9a-4c66-b895-4b4b9bdef9b0,44,6109
49_Male_Adult_Maui-Nui.jpg,49,Male,Adult,Maui-Nui,photos-6086-6086.jpg,eea929ff-5342-447c-94e3-39d446d52cb3,49,6086
77_Male_Adult_Maui-Nui.jpg,77,Male,Adult,Maui-Nui,photos-6100-6100.jpg,58d4cd9f-aa3a-465b-b7a9-8bd7f202ffe5,77,6100
12_Male_Adult_Maui-Nui.jpg,12,Male,Adult,Maui-Nui,photos-6116-6116.jpg,b505aa69-5325-4588-a847-101dd41bd133,12,6116
17_Male_Adult_Maui-Nui.jpg,17,Male,Adult,Maui-Nui,photos-6137-6137.jpg,8d32384a-35f9-4ce1-986c-62631b3bc0d9,17,6137
2_Male_Adult_Maui-Nui.jpg,2,Male,Adult,Maui-Nui,photos-6191-6191.jpg,bba0e654-60f4-4f58-bb35-1b4089b5e4c3,2,6191
21_Female_unknown_Maui-Nui.jpg,21,Female,unknown,Maui-Nui,photos-6249-6249.jpg,a13fad2b-90d2-41fe-9ea9-2e8c7595baa3,21,6249
75_Female_Adult_Maui-Nui.jpg,75,Female,Adult,Maui-Nui,photos-6252-6252.jpg,248b6e48-476c-4cd7-b0d8-da63d24ce294,75,6252
7_Male_Adult_Maui-Nui.jpg,7,Male,Adult,Maui-Nui,photos-6026-6026.jpg,2367f9f1-0392-45e5-a6b7-a8ebefded329,7,6026
377_Female_Adult_Maui-Nui.jpg,377,Female,Adult,Maui-Nui,photos-6397-6397.jpg,97327ae5-b2bf-4dc1-8079-cc26c3b2090a,377,6397
434_Female_Unknown_Maui-Nui.jpg,434,Female,Unknown,Maui-Nui,photos-6408-6408.jpg,117aa927-cc04-48b4-94fd-9d869e49c2d8,434,6408
137_Male_Adult_Maui-Nui.jpg,137,Male,Adult,Maui-Nui,photos-6073-6073.jpg,6f39e8cb-cbee-43b7-9735-a0d73baa278a,137,6073
294_Female_Unknown_Maui-Nui.jpg,294,Female,Unknown,Maui-Nui,photos-6409-6409.jpg,56570e31-7791-4982-aed5-f00f4f0af0d6,294,6409
389_Male_Adult_Maui-Nui.jpg,389,Male,Adult,Maui-Nui,photos-6107-6107.jpg,9c5828c8-6e5b-42ac-a5e3-623e05985335,389,6107
289_Female_unknown_Maui-Nui.jpg,289,Female,unknown,Maui-Nui,photos-1145-1145.jpg,1d597c99-b616-4f39-bdef-b9d1e403f4f6,289,1145
468_Female_unknown_Maui-Nui.jpg,468,Female,unknown,Maui-Nui,photos-4720-4720.jpg,8f552c44-db62-47d8-9540-5982a5f248f8,468,4720
471_Unknown_Unknown_Maui-Nui.jpg,471,Unknown,Unknown,Maui-Nui,photos-4823-4823.jpg,946b863a-8888-4296-ae7a-99cf7a202403,471,4823
472_Female_Unknown_Maui-Nui.jpg,472,Female,Unknown,Maui-Nui,photos-4797-4797.jpg,5f43324e-5eb8-4d86-838a-097d511781bf,472,4797
486_Female_Unknown_Maui-Nui.jpg,486,Female,Unknown,Maui-Nui,photos-4832-4832.jpg,051aaea4-192b-44d1-89f1-641c719f7de7,486,4832
488_Female_unknown_Maui-Nui.jpg,488,Female,unknown,Maui-Nui,photos-4817-4817.jpg,f680eb73-9d93-4aad-84a7-f0600c643cc8,488,4817
495_Female_unknown_Maui-Nui.jpg,495,Female,unknown,Maui-Nui,photos-4866-4866.jpg,2c5fb1f1-8f81-4810-9371-32e0d6c8e430,495,4866
497_Male_Juvenile_Maui-Nui.jpg,497,Male,Juvenile,Maui-Nui,photos-4873-4873.jpg,93c0b6af-1dd3-4a94-a425-0e0ea78f9077,497,4873
509_Female_unknown_Maui-Nui.jpg,509,Female,unknown,Maui-Nui,photos-4930-4930.jpg,ccdb68a8-0fee-4b10-8a58-af5db289e9e5,509,4930
515_Male_Juvenile_Maui-Nui.jpg,515,Male,Juvenile,Maui-Nui,photos-4950-4950.jpg,d00999b5-e795-4ef7-b94d-a9821dca0254,515,4950
530_Female_Unknown_Maui-Nui.jpg,530,Female,Unknown,Maui-Nui,photos-4991-4991.jpg,f032e801-9da6-40fa-80d1-08b0e2d1d462,530,4991
675_Female_Adult_Oahu.jpg,675,Female,Adult,Oahu,photos-6958-6958.jpg,d4e356cf-a496-417b-a2e9-c8950c8c5a85,675,6958
669_Female_Unknown_Maui-Nui.jpg,669,Female,Unknown,Maui-Nui,photos-5226-5226.jpg,f022639a-fe2a-47e7-86f6-4ba8844fc9d9,669,5226
703_Female_Adult_Big-Island.jpg,703,Female,Adult,Big-Island,photos-5286-5286.jpg,a43ef85e-b6e6-4c09-b0a2-62b83a8fe5a8,703,5286
704_Female_Adult_Big-Island.jpg,704,Female,Adult,Big-Island,photos-5288-5288.jpg,e9bc777f-8d47-4bed-b050-ed37aebc3b84,704,5288
711_Female_Unknown_Big-Island.jpg,711,Female,Unknown,Big-Island,photos-5444-5444.jpg,c64e016e-0784-4a8e-94c0-6fcfafcbbe7e,711,5444
725_Female_Adult_Big-Island.jpg,725,Female,Adult,Big-Island,photos-5572-5572.jpg,cd5cf866-ed71-4ca1-9029-e65e2ab78fcd,725,5572
737_Male_Juvenile_Oahu.jpg,737,Male,Juvenile,Oahu,photos-6440-6440.jpg,98d37e91-271a-452c-83e1-fc4b76f41724,737,6440
745_Female_Unknown_Oahu.jpg,745,Female,Unknown,Oahu,photos-6464-6464.jpg,11992174-74f1-4a74-aaff-ce90cc2c106e,745,6464
752_Unknown_Unknown_Oahu.jpg,752,Unknown,Unknown,Oahu,photos-6503-6503.jpg,f101e0e5-9fa5-45e5-bb82-4045b0d143bf,752,6503
815_Female_Unknown_Maui-Nui.jpg,815,Female,Unknown,Maui-Nui,photos-6719-6719.jpg,2212c9b0-86e9-4959-a89e-2da27b6dd255,815,6719
825_Female_Unknown_Maui-Nui.jpg,825,Female,Unknown,Maui-Nui,photos-6786-6786.jpg,b2f32e5d-5463-430a-bd49-af3affed900a,825,6786
830_Female_Unknown_Oahu.jpg,830,Female,Unknown,Oahu,photos-6795-6795.jpg,00d725a3-a8e8-42db-b0a1-c93850a6656c,830,6795
846_Female_Unknown_Oahu.jpg,846,Female,Unknown,Oahu,photos-6831-6831.jpg,2af48925-45a8-42f0-8568-b55857a9aa2b,846,6831
877_Male_Adult_Oahu.jpg,877,Male,Adult,Oahu,photos-7099-7099.jpg,759679a8-9308-43be-99e3-a65a8019e985,877,7099
882_Male_Adult_Oahu.jpg,882,Male,Adult,Oahu,photos-7155-7155.jpg,65c12c22-4ff2-4bf8-8de1-dcaed2f7044d,882,7155
898_Male_Juvenile_Maui-Nui.jpg,898,Male,Juvenile,Maui-Nui,photos-7356-7356.jpg,0a4c419b-a16f-47ff-b0ce-244f823ad7a0,898,7356
901_Female_Juvenile_Oahu.jpg,901,Female,Juvenile,Oahu,photos-7371-7371.jpg,bfa671c3-5900-43c6-9c0f-b6cd420ca330,901,7371
903_Male_Adult_Oahu.jpg,903,Male,Adult,Oahu,photos-7402-7402.jpg,05536eb6-0508-4a5a-bd5a-c2f3952d8c98,903,7402
906_Female_Unknown_Oahu.jpg,906,Female,Unknown,Oahu,photos-7423-7423.jpg,553d087c-3b60-4687-a32d-ab56ff17c02f,906,7423
907_Female_Unknown_Oahu.jpg,907,Female,Unknown,Oahu,photos-7426-7426.jpg,e577d17c-673f-4ea2-8725-1fa0764365df,907,7426
893_Unknown_Juvenile_Oahu.jpg,893,Unknown,Juvenile,Oahu,photos-7300-7300.jpg,ddf2a8c3-3440-43e6-a16f-829e91826636,893,7300
872_unknown_unknown_Unknown.jpg,872,unknown,unknown,Unknown,photos-7041-7041.jpg,983b5db9-2dfa-4415-875f-ab9c37070359,872,7041
608_Female_unknown_Maui-Nui.jpg,608,Female,unknown,Maui-Nui,photos-5153-5153.jpg,c43476ea-6f60-4b75-99ae-9e3e6b152366,608,5153
858_Female_Unknown_Oahu.jpg,858,Female,Unknown,Oahu,photos-6985-6985.jpg,ff06c2bc-8267-4b84-9723-a3461689fdf1,858,6985
697_Male_Adult_Big-Island.jpg,697,Male,Adult,Big-Island,photos-5287-5287.jpg,dddbdd92-3383-4e33-9d19-628f51117fc3,697,5287
111_Male_Transition_Maui-Nui.jpg,111,Male,Transition,Maui-Nui,photos-180-180.jpg,d9f8f0bf-b12b-480e-9d7f-cc9a4296f12b,111,180
46_Male_Adult_Maui-Nui.jpg,46,Male,Adult,Maui-Nui,photos-1403-1403.jpg,2d611fdf-7ae1-4e40-b2d3-7936de801d93,46,1403
386_Male_Adult_Maui-Nui.jpg,386,Male,Adult,Maui-Nui,photos-3862-3862.jpg,a7e056c0-6e8d-49c3-9d24-3aa0a9de3790,386,3862
394_Male_Juvenile_Maui-Nui.jpg,394,Male,Juvenile,Maui-Nui,photos-3889-3889.jpg,2721394f-a43e-4547-9807-3785358548df,394,3889
454_Male_Adult_Maui-Nui.jpg,454,Male,Adult,Maui-Nui,photos-4598-4598.jpg,47c8713e-b171-4a43-af67-9ad228d1b847,454,4598
455_Female_Unknown_Maui-Nui.jpg,455,Female,Unknown,Maui-Nui,photos-4599-4599.jpg,a88e35c9-c41b-493f-a2f8-6105de1e3e71,455,4599
460_Female_unknown_Maui-Nui.jpg,460,Female,unknown,Maui-Nui,photos-4653-4653.jpg,56a28bee-eaf3-4249-809e-ca2ceb0b9447,460,4653
461_Male_Adult_Maui-Nui.jpg,461,Male,Adult,Maui-Nui,photos-4693-4693.jpg,1b11b9f5-5ff2-401c-96e2-1c7805a2e179,461,4693
470_Male_Juvenile_Maui-Nui.jpg,470,Male,Juvenile,Maui-Nui,photos-4826-4826.jpg,2ad20f58-bb7e-4d35-8488-aaa1293805ad,470,4826
474_Male_Juvenile_Maui-Nui.jpg,474,Male,Juvenile,Maui-Nui,photos-4844-4844.jpg,ab962c1e-6467-461b-a12e-18a00ee557b2,474,4844
501_unknown_unknown_Maui-Nui.jpg,501,unknown,unknown,Maui-Nui,photos-4888-4888.jpg,2fa29bd8-94fe-4e2b-ae96-0f0329ec75ce,501,4888
502_Male_Adult_Maui-Nui.jpg,502,Male,Adult,Maui-Nui,photos-4894-4894.jpg,3e76dc36-8ceb-4947-8bf2-a497a9ef37ee,502,4894
503_Female_Unknown_Maui-Nui.jpg,503,Female,Unknown,Maui-Nui,photos-4896-4896.jpg,5f8757c6-5253-471d-afa2-bf7014a24f84,503,4896
504_Male_Juvenile_Maui-Nui.jpg,504,Male,Juvenile,Maui-Nui,photos-4902-4902.jpg,052d5873-2e20-42a5-8747-b44dd9def2bf,504,4902
505_Male_Adult_Maui-Nui.jpg,505,Male,Adult,Maui-Nui,photos-4899-4899.jpg,52bc2dec-7bfc-4f5f-be0a-f196c889c6eb,505,4899
534_Male_Adult_Maui-Nui.jpg,534,Male,Adult,Maui-Nui,photos-5017-5017.jpg,6b069b3e-bdfe-4d6d-ad4b-d90cdeaf28b8,534,5017
535_Female_unknown_Maui-Nui.jpg,535,Female,unknown,Maui-Nui,photos-5021-5021.jpg,eb3ad9aa-605a-4dee-8551-055a08b61163,535,5021
591_Unknown_unknown_Maui-Nui.jpg,591,Unknown,unknown,Maui-Nui,photos-5132-5132.jpg,ba8df460-3eb5-4242-8707-3a2fdeca36fb,591,5132
668_Female_Unknown_Maui-Nui.jpg,668,Female,Unknown,Maui-Nui,photos-5223-5223.jpg,67d2debb-5221-4e06-911e-be9d044b36f0,668,5223
670_Female_Unknown_Oahu.jpg,670,Female,Unknown,Oahu,photos-5227-5227.jpg,b659210a-8c27-45f0-8847-7a305b8fd14a,670,5227
671_Female_Adult_Oahu.jpg,671,Female,Adult,Oahu,photos-6976-6976.jpg,ba51bc7d-37a8-45df-9f05-15e30a93d7ec,671,6976
672_Female_Unknown_Oahu.jpg,672,Female,Unknown,Oahu,photos-5230-5230.jpg,e313c0f3-c5e7-4b51-b456-e068dc0ba22c,672,5230
673_Female_Unknown_Oahu.jpg,673,Female,Unknown,Oahu,photos-5232-5232.jpg,71e02a38-9bbb-42d9-be82-2110909ec015,673,5232
674_Female_Adult_Oahu.jpg,674,Female,Adult,Oahu,photos-5233-5233.jpg,9e43eaa3-2c1e-40fc-aefd-8c8ccc7deaff,674,5233
676_Female_Unknown_Oahu.jpg,676,Female,Unknown,Oahu,photos-5236-5236.jpg,a90a8a52-2314-443c-9f2f-fe8dc588d342,676,5236
685_Female_Juvenile_Big-Island.jpg,685,Female,Juvenile,Big-Island,photos-5251-5251.jpg,f3f39556-f3fa-453f-8740-01946d578541,685,5251
686_Female_unknown_Big-Island.jpg,686,Female,unknown,Big-Island,photos-5252-5252.jpg,cfa749e9-91b1-4da2-8407-f25e8c467ad6,686,5252
687_Male_Adult_Big-Island.jpg,687,Male,Adult,Big-Island,photos-5253-5253.jpg,83df49b5-1969-43d2-8d7a-8ec7a377c704,687,5253
688_Male_Adult_Big-Island.jpg,688,Male,Adult,Big-Island,photos-5254-5254.jpg,85e1eb83-cce4-49b4-a394-55752a540d5f,688,5254
689_Female_unknown_Big-Island.jpg,689,Female,unknown,Big-Island,photos-5256-5256.jpg,91f3a15e-e422-4c09-9f6e-507b4bc5124d,689,5256
691_Male_Adult_Big-Island.jpg,691,Male,Adult,Big-Island,photos-5258-5258.jpg,7866c590-200e-4015-9376-eefe62d9a355,691,5258
692_Female_Adult_Big-Island.jpg,692,Female,Adult,Big-Island,photos-5259-5259.jpg,beba3072-c5c7-45c4-a256-f01d4d8a6e24,692,5259
694_Female_Adult_Big-Island.jpg,694,Female,Adult,Big-Island,photos-5261-5261.jpg,c257f753-05ad-4467-87b2-942bdf897ce9,694,5261
695_Female_Juvenile_Big-Island.jpg,695,Female,Juvenile,Big-Island,photos-5263-5263.jpg,ec9af8a7-a222-40c2-b79a-8c09ee17b706,695,5263
696_Female_Adult_Big-Island.jpg,696,Female,Adult,Big-Island,photos-5267-5267.jpg,cd547e9b-df21-4a5f-85fc-9056fc9357ca,696,5267
698_Female_Juvenile_Big-Island.jpg,698,Female,Juvenile,Big-Island,photos-5274-5274.jpg,5ae2ce2c-194d-45fc-9c15-20b3110b22c3,698,5274
699_Female_unknown_Big-Island.jpg,699,Female,unknown,Big-Island,photos-5277-5277.jpg,be69054d-f5aa-428d-ab45-3de829461e1d,699,5277
706_Female_Juvenile_Big-Island.jpg,706,Female,Juvenile,Big-Island,photos-5299-5299.jpg,5a568bbb-6c78-4528-a42c-6ed4b6cf9e5c,706,5299
707_Female_Juvenile_Big-Island.jpg,707,Female,Juvenile,Big-Island,photos-5304-5304.jpg,16086028-83bf-480f-9a82-5a3089bd2c1e,707,5304
708_Male_Adult_Big-Island.jpg,708,Male,Adult,Big-Island,photos-5537-5537.jpg,7e75ebe8-6504-4471-b3cd-cc6e596362a5,708,5537
709_Female_Unknown_Big-Island.jpg,709,Female,Unknown,Big-Island,photos-5448-5448.jpg,b1a981b2-350c-43ac-9573-f2970888756d,709,5448
710_Female_Unknown_Big-Island.jpg,710,Female,Unknown,Big-Island,photos-5443-5443.jpg,25c3438d-8e5a-4482-ad6d-b302c3672e00,710,5443
712_Female_Unknown_Big-Island.jpg,712,Female,Unknown,Big-Island,photos-5447-5447.jpg,952f5b6c-953f-4b8c-88c8-8841abdac0ec,712,5447
713_Male_Juvenile_Big-Island.jpg,713,Male,Juvenile,Big-Island,photos-5549-5549.jpg,42d067ff-6da6-406e-92be-2bb149984dd6,713,5549
827_Female_Unknown_Maui-Nui.jpg,827,Female,Unknown,Maui-Nui,photos-6788-6788.jpg,50e83a2d-bb23-4bf2-8876-8e5ff6e878e0,827,6788
894_Unknown_Juvenile_Oahu.jpg,894,Unknown,Juvenile,Oahu,photos-7302-7302.jpg,f83def2e-1a9f-40c0-b712-c9e6ac3e6da1,894,7302